:ID;series:string
12701184;Universität Trier, Mathematik/Informatik, Forschungsbericht
12701185;Computer classics revisited
12701186;Ambient Intelligence and Smart Environments
12701187;Springer Handbooks
12701188;Foundations of Artificial Intelligence
12701189;Lecture Notes in Computer Science
12701190;Springer Reference Technik
12701191;eXamen.press
12701192;JMLR Proceedings
12701193;EPTCS
12701194;Advances in Pattern Recognition
12701195;Advances in Computer Vision and Pattern Recognition
12701196;Science, Engineering, and Biology Informatics
12701197;NASA Monographs in Systems and Software Engineering
12701198;LNI
12701199;Wireless Networks
12701200;Semantic Web and Beyond: Computing for Human Experience
12701201;Texts in Computer Science
12701202;Graduate Texts in Computer Science
12701203;Studies in Computational Intelligence
12701204;Springer Briefs in Electrical and Computer Engineering
12701205;Series on Quality, Reliability and Engineering Statistics
12701206;Handbook of the History of Logic
12701207;Lecture Notes on Data Engineering and Communications Technologies
12701208;Information Security and Cryptography
12701209;Human-Computer Interaction Series
12701210;Cognitive Systems Monographs
12701211;Short Topics in System Administration
12701212;VDI-Buch
12701213;Advances in Fuzzy Systems - Applications and Theory
12701214;IFIP Advances in Information and Communication Technology
12701215;IFIP State-of-the-Art Reports
12701216;IFIP Series on Computer Graphics
12701217;Atlantis Ambient and Pervasive Intelligence
12701218;Argumentation Library
12701219;Vector Optimization
12701220;AMAST Series in Computing
12701221;Series in Intelligent Control and Intelligent Automation
12701222;Springer Briefs in Business Process Management
12701223;Computer Supported Cooperative Work
12701224;Computational Music Science
12701225;Synthesis Lectures on Quantum Computing
12701226;Synthesis Lectures on Digital Circuits and Systems
12701227;Synthesis Lectures on Emerging Engineering Technologies
12701228;Synthesis Lectures on Human-Centered Informatics
12701229;Synthesis Lectures on Advances in Automotive Technology
12701230;Synthesis Lectures on Engineering
12701231;Synthesis Lectures on Communication Networks
12701232;Synthesis Lectures on Computer Science
12701233;Synthesis Lectures on Energy and the Environment: Technology, Science, and Society
12701234;Synthesis Lectures on Algorithms and Software in Engineering
12701235;Synthesis Lectures on Artificial Intelligence and Machine Learning
12701236;Synthesis Lectures on Information Concepts, Retrieval, and Services
12701237;Synthesis Lectures on Biomedical Engineering
12701238;Synthesis Lectures on Global Engineering
12701239;Synthesis Lectures on Computer Architecture
12701240;Synthesis Lectures on Computational Electromagnetics
12701241;Synthesis Lectures on Distributed Computing Theory
12701242;Synthesis Lectures on Antennas
12701243;Synthesis Lectures on Signal Processing
12701244;Synthesis Lectures on Human Language Technologies
12701245;Synthesis Lectures on Information Security, Privacy, and Trust
12701246;Synthesis Lectures on Data Mining and Knowledge Discovery
12701247;Synthesis Lectures on Professionalism and Career Advancement for Scientists and Engineers
12701248;Synthesis Lectures on Data Management
12701249;Synthesis Lectures on Engineers, Technology and Society
12701250;Synthesis Lectures on Visual Computing
12701251;Synthesis Lectures on the Semantic Web
12701252;Synthesis Lectures on Computer Vision
12701253;Synthesis Lectures on Technology, Management, and Entrepreneurship
12701254;Synthesis Lectures on Data, Semantics, and Knowledge
12701255;Synthesis Lectures on Computer Graphics and Animation
12701256;Synthesis Lectures on the Semantic Web: Theory and Technology
12701257;Synthesis Lectures on Image, Video, and Multimedia Processing
12701258;Synthesis Lectures on Visualization
12701259;Synthesis Lectures on Engineering, Science, and Technology
12701260;Synthesis Lectures on Games and Computational Intelligence
12701261;Synthesis Lectures on Speech and Audio Processing
12701262;Synthesis Lectures on Mathematics & Statistics
12701263;Synthesis Lectures on Ocean Systems Engineering
12701264;Synthesis Lectures on Nuclear Technology and Society
12701265;Synthesis Lectures on Mobile and Pervasive Computing
12701266;Synthesis Lectures on Communications
12701267;Synthesis Lectures on Power Electronics
12701268;Synthesis Lectures on Sustainable Development
12701269;Synthesis Lectures on Control and Mechatronics
12701270;Synthesis Lectures on The Semantic Web
12701271;Synthesis Lectures on Theoretical Computer Science
12701272;Synthesis Lectures on Software Engineering
12701273;Synthesis Lectures on Learning, Networks, and Algorithms
12701274;Synthesis Lectures on Electromagnetics
12701275;Synthesis Lectures on Assistive, Rehabilitative, and Health-Preserving Technologies
12701276;Synthesis Lectures on Information Security, Privacy, & Trust
12701277;Synthesis Lectures on Electrical Engineering
12701278;Synthesis Lectures on Solid State Materials and Devices
12701279;Case Studies in Engineering
12701280;Synthesis Lectures on RF/Microwaves
12701281;Synthesis Lectures on Mathematics and Statistics
12701282;Synthesis Lectures on Emerging Trends in Librarianship
12701283;Synthesis Lectures on Network Systems
12701284;Synthesis Lectures on Chemical Engineering and Biochemical Engineering
12701285;Synthesis Lectures on Computation and Analytics
12701286;Synthesis Lectures on Chemical and Biochemical Engineering
12701287;World Scientific Series in Robotics and Intelligent Systems
12701288;RNTI
12701289;Revue des Nouvelles Technologies de l'Information
12701290;Monographs in Computer Science
12701291;Texts and Monographs in Computer Science
12701292;International Handbooks on Information Systems
12701293;Frontiers in Artificial Intelligence and Applications
12701294;Geometry and Computing
12701295;Advances in Information Security
12701296;Lecture Notes in Electrical Engineering
12701297;Cognitive Technologies
12701298;Advances in Database Systems
12701299;X.media.publishing
12701300;Advances in Logic
12701301;World Scientific Series in Computer Science
12701302;Communications and Signal Processing
12701303;Cognitive Intelligence and Robotics
12701304;Studies in Fuzziness and Soft Computing
12701305;Series on Software Engineering and Knowledge Engineering
12701306;History of Computing
12701307;Springer Briefs in Computer Science
12701308;Atlantis Thinking Machines
12701309;Texts & Monographs in Symbolic Computation
12701310;Xpert.press
12701311;Natural Computing Series
12701312;Computer Communications and Networks
12701313;Advanced Information and Knowledge Processing
12701314;Intelligent Systems Reference Library
12701315;Series in Machine Perception and Artificial Intelligence
12701316;Series in Electrical and Computer Engineering
12701317;Advances in Parallel Computing
12701318;Studies on the Semantic Web
12701319;Methods in Molecular Biology
12701320;Computational Risk Management
12701321;Undergraduate Topics in Computer Science
12701322;Smart Innovation, Systems and Technologies
12701323;Springer Briefs in Complexity
12701324;Springer Briefs in Cybersecurity
12701325;Advances in Intelligent and Soft Computing
12701326;Advances in Soft Computing
12701327;Advances in Intelligent Systems and Computing
12701328;Monographs in Theoretical Computer Science. An EATCS Series
12701329;EATCS Monographs on Theoretical Computer Science
12701330;Communications in Computer and Information Science
12701331;NATO Science for Peace and Security Series - D: Information and Communication Security
12701332;NATO Science for Peace and Security Series, D: Information and Communication Security
12701333;Annals of Information Systems
12701334;Lecture Notes in Logistics
12701335;Lecture Notes in Mathematics
12701336;Texts in Theoretical Computer Science. An EATCS Series
12701337;Lecture Notes in Business Information Processing
12701338;Lecture Notes in Social Networks
12701339;Logic, Epistemology, and the Unity of Science
12701340;Computational Imaging and Vision
12701341;Studies in Applied Philosophy, Epistemology and Rational Ethics
12701342;Studies in Classification, Data Analysis, and Knowledge Organization
12701343;Lecture Notes in Computational Science and Engineering
12701344;Computational Social Sciences
12701345;Advanced Series in Circuits and Systems
12701346;Series on Integrated Circuits and Systems
12701347;Integrated Circuits and Systems
12701348;X.media.press
12701349;Atlantis Studies in Computing
12701350;Springer Tracts in Advanced Robotics
12701351;Theory and Applications of Natural Language Processing
12701352;Lecture Notes in Networks and Systems
12701353;Artificial Intelligence: Foundations, Theory, and Algorithms
12701354;Lecture Notes in Geoinformation and Cartography
12701355;The Information Retrieval Series
12701356;The Kluwer International Series on Information Retrieval
12701357;The Springer International Series on Information Retrieval
12701358;Springer Briefs in Intelligent Systems
12701359;Cryptology and Information Security Series
12701360;Data-Centric Systems and Applications
12701361;Computational Biology
12701362;Studies in Health Technology and Informatics
12701363;Distinguished dissertations
12701364;GMD-Studien
12701365;Lecture notes in mathematics
12701366;Lehrbuch Informatik
12701367;ISFR series on systems science and engineering
12701368;Springer-Lehrbuch
12701369;Veröffentlichungen des Instituts für Bibliothekswissenschaft und Bibliothekarausbildung der Freien Universität Berlin
12701370;Wiley-Interscience series in discrete mathematics and optimization
12701371;McGraw-Hill Series in computer organization and architecture
12701372;Systems and control
12701373;Studies in Universal Logic
12701374;Advances in semiotics
12701375;Springer Lehrbuch Mathematik
12701376;Praktische Informatik
12701377;ACM Press Frontier Series
12701378;Chapman and Hall / CRC mathematical and computational biology series
12701379;GMD research series
12701380;Yourdon Press Computing series
12701381;Fundamentals of algorithms
12701382;Teubner Studienbücher
12701383;Advanced lectures in mathematics
12701384;Cambridge tracts in theoretical computer science
12701385;Oxford science publications
12701386;Encyclopedia of mathematics and its applications
12701387;DISKI
12701388;London Mathematical Society student texts
12701389;Technical report / University of Copenhagen / Datalogisk institut
12701390;Advances in design and control
12701391;Computer science and scientific computing
12701392;Theory in practice
12701393;Aksen Associates series in electrical and computer engineering
12701394;Wiley series in software design patterns
12701395;UTB Profile
12701396;Universitext
12701397;Informatik und Praxis
12701398;North-Holland mathematical library
12701399;Prentice Hall international series in computer science
12701400;Wiley-Interscience series in systems and optimization
12701401;Information Science and Knowledge Management
12701402;Data communications and networks series
12701403;Mobile communications series
12701404;Springer Briefs in Applied Sciences and Technology
12701405;Graduate texts in comtemporary physics
12701406;Informatik und Unternehmensführung
12701407;DISDBIS
12701408;Technical Report / University of Wisconsin, Madison / Computer Sciences Department
12701409;Atlantis Computational Intelligence Systems
12701410;Complex adaptive systems
12701411;Thomson's aktuelle Tutorien
12701412;DAIMI PB
12701413;Wiley series in communications networking and distributed systems
12701414;Applications of mathematics
12701415;Wirtschaftsinformatik
12701416;Undergraduate texts in computer science
12701417;Graduate texts in mathematics
12701418;O'Reilly digital studio
12701419;Technical report series
12701420;MIT Press series in the foundations of computing
12701421;Studies in computer science and artificial intelligence
12701422;SIAM monographs on discrete mathematics and applications
12701423;CD-I series
12701424;Cambridge monographs on applied and computational mathematics
12701425;Leitfäden der Informatik
12701426;Wiley series in agent technology
12701427;CSLI lecture notes series
12701428;Computer law series
12701429;Technical reports / University of Florida / Department of Computer and Information Science and Engineering / CISE
12701430;Classics in applied mathematics
12701431;Automated reasoning series
12701432;Prentice Hall International series in computer science
12701433;Neural network modeling and connectionism
12701434;The pragmatic programmers
12701435;McGraw-Hill Series in Information Processing and Computers
12701436;Graduate texts in computer science
12701437;Oxford Studies in Theoretical Linguistics
12701438;Leitfäden und Monographien der Informatik
12701439;Reihe Informatik
12701440;Datenbanksysteme
12701441;Computational science and engineering
12701442;Mathematics in Industry
12701443;Benjamin/Cummings series in object-oriented software engineering
12701444;Springer professional computing
12701445;Springers angewandte Informatik
12701446;Dover Books on Science
12701447;The Kluwer international series in engineering and computer science
12701448;Prentice Hall International Series in Computer Science
12701449;Knowledge and Information
12701450;Gabler Edition Wissenschaft
12701451;The Kluwer International Series in Engineering and Computer Science
12701452;Business Engineering
12701453;Classics in mathematics
12701454;Computational Synthesis and Creative Systems
12701455;Preprints Angewandte Mathematik und Informatik / Universität Münster / Angewandte Mathematik und Informatik
12701456;Minerva-Fachserie Naturwissenschaften
12701457;Pure and applied mathematics
12701458;Monographs in Visual Communication
12701459;Natural computing series
12701460;Advanced book classics
12701461;Java series
12701462;Student mathematical library
12701463;Scientific and engineering computation
12701464;Theory and decision library: series B
12701465;Human computer interaction
12701466;Morgan Kaufmann series in data management systems
12701467;MSRI Mathematical Circles Library
12701468;Software, environments, tools
12701469;The definitive guides to the X window system
12701470;UNIX easy
12701471;Forschungsbeiträge zur Wirtschaftsinformatik
12701472;Ontos Mathematical Logic
12701473;Worlwide series in computer cience
12701474;Interdisziplinäre Wissenschaft
12701475;VNR computer library
12701476;Springer series in perception engineering
12701477;Intelligent robotics and autonomous agents
12701478;Leitfäden der angewandten Informatik
12701479;Pure and applied mathematics series
12701480;Numerical analysis and scientific computation
12701481;Progress in theoretical computer science
12701482;Technology, Work and Globalization
12701483;Addison-Wesley professional computing series
12701484;Springer Series on Touch and Haptic Systems
12701485;ACM Press anthology series
12701486;Genetic algorithms and evolutionary computation
12701487;Berichte aus der Informatik
12701488;Statistics and computing
12701489;Fortschritt-Berichte VDI Reihe 3: Verfahrenstechnik
12701490;T-Labs Series in Telecommunication Services
12701491;Edition PAGE
12701492;Chapman and Hall Mathematics
12701493;Wiley professional computing
12701494;Hochschultexte Informatik
12701495;Memoirs of the American Mathematical Society
12701496;Linköping studies in science and technology thesis
12701497;xml.bibliothek
12701498;Research reports ESPRIT / project 6310, MMTCA
12701499;Addison-Wesley series in electrical and computer engineering
12701500;Progress in computer science and applied logic
12701501;J. Ranade Workstation series
12701502;Technical Report / University of Cambridge / Computer Laboratory
12701503;McGraw Hill series on computer communications
12701504;Texts in computing
12701505;O'Reilly Web Studio
12701506;Discrete mathematics and theoretical computer science
12701507;Programm angewandte Informatik
12701508;Oxford mathematical monographs
12701509;Applied discrete mathematics and theoretical computer science
12701510;CWI monographs
12701511;Hanser Studienbücher
12701512;ACM Press frontier series
12701513;Understanding language series
12701514;Practitioner series
12701515;Computerkultur
12701516;Angewandte Informatik
12701517;Algorithms and combinatorics
12701518;Schriften zur EDV-orientierten Betriebswirtschaft
12701519;Adobe developer library
12701520;notThenot Wadsworth series in management information series
12701521;Wiley series in probability and statistics
12701522;Product data engineering
12701523;Geschichte der verpaßten Gelegenheiten: Standort Deutschland
12701524;Computer science and data analysis series
12701525;Springers Lehrbücher der Informatik
12701526;IEEE Press series on computational intelligence
12701527;Handbuch der Informatik
12701528;A.P.I.C. Studies in data processing
12701529;Aachener Beiträge zur Informatik
12701530;Radon Series on Computational and Applied Mathematics
12701531;Aspen Casebook Series
12701532;Advanced studies in computer science
12701533;Studienführer im dtv
12701534;Technical report
12701535;Teubner-Texte zur Informatik
12701536;System software and software systems
12701537;Artificial intelligence
12701538;Springer Studium Mathematik - Bachelor
12701539;Studies in computational mathematics
12701540;Wiley series in probability and mathematical statistics
12701541;it : Informatik
12701542;The University series in mathematics
12701543;notThenot James Martin Books
12701544;North-Holland mathematics studies
12701545;The underground guide series
12701546;Algorithms and computation in mathematics
12701547;The Addison-Wesley signature series
12701548;SICS dissertation series
12701549;Informatik im Fokus
12701550;Advanced studies of computer science
12701551;Australian mathematical society lecture series
12701552;ACM monograph series
12701553;SICS research report
12701554;McGraw-Hill Series in Computer Science
12701555;Springer series in statistics
12701556;UQP nonfiction
12701557;Biometrie und medizinische Informatik : Greifswalder Seminarberichte
12701558;International series of monographs on computer science
12701559;Prentice Hall Signal Processing Series
12701560;Berliner Studienreihe zur Mathematik
12701561;Studies in logic : Mathematical logic and foundations
12701562;Santa Fe Institute Studies in the Sciences of Complexity
12701563;Technik, Wirtschaft und Politik
12701564;PC system architecture series
12701565;Athena scientific optimization and computation series
12701566;Wiley series in telecommunications and signal processing
12701567;Studies in proof theory
12701568;The Morgan Kaufmann series in interactive technologies
12701569;International computer science series
12701570;Synthesis lectures on digital circuits and systems
12701571;Principles of computer science series
12701572;O'Reillys Taschenbibliothek
12701573;International Series in Operations Research and Management Science
12701574;Mathematics and its applications
12701575;SEI series in software engineering
12701576;Machine intelligence and pattern recognition
12701577;Use R
12701578;Computational molecular biology
12701579;Springer undergraduate texts in mathematics and technology
12701580;Text, speech and language technology
12701581;Cambridge series in human-computer interaction
12701582;Schriftenreihe der Österreichischen Computer Gesellschaft
12701583;CST
12701584;MPS-SIAM series on optimization
12701585;BCS practitioner series
12701586;The virtual laboratory
12701587;Distinguished dissertations in computer science
12701588;UTCS publications
12701589;Chapman and Hall Computing Series
12701590;Research reports ESPRIT / project 5168, CACID
12701591;MIT Press series in computer systems
12701592;Addison-Wesley series in computer science
12701593;The Prentice Hall service technology series
12701594;Mathematical modeling and computation
12701595;BISS monographs
12701596;Analog Circuits and Signal Processing
12701597;Prentice-Hall international series in computer science
12701598;BPM Competence
12701599;Little book series
12701600;Advances in numerical mathematics
12701601;Yourdon Press Computing Series
12701602;Technical report series : UMCS
12701603;ACM Books
12701604;Informationssicherheit
12701605;Modern Birkhäuser Classics
12701606;Wiley series in practical strategy
12701607;Oxford logic guides
12701608;Springer series in information sciences
12701609;Controversis
12701610;Advanced manufacturing series
12701611;Software Studies
12701612;Vieweg Lehrbuch
12701613;Studienreihe Informatik
12701614;Progress in mathematics
12701615;Informatik-Dissertationen ETH Zürich
12701616;Electronic-systems engineering series
12701617;Chapman and Hall / CRC computational science series
12701618;Beiträge zur Informatik
12701619;Computational intelligence
12701620;Schriftenreihe Verwaltungsinformatik
12701621;The Fraunhofer IESE series on software engineering
12701622;Fraunhofer series in information and communication technology
12701623;The CRC Press Advanced and emerging communications technologies series
12701624;Computers and security
12701625;Ellis Horwood series in computers and their applications
12701626;Foundation of computing series
12701627;MIT electrical engineering and computer science series
12701628;The Morgan Kaufmann practical guides series
12701629;Artificial intelligence series
12701630;Dissertations in geographic information science
12701631;Programming complex systems
12701632;McGraw-Hill series in software engineering and technology
12701633;Springer series in synergetics
12701634;Logic programming
12701635;Centro di Ricerca Matematica Ennio De Giorgi (CRM) Series
12701636;Loop transformations for restructuring compilers
12701637;McGraw-Hill series in electrical engineering
12701638;Addison Wesley object technology series
12701639;Beiträge zur graphischen Datenverarbeitung
12701640;The cornerstones of computing series
12701641;GeoInfo series
12701642;Advanced texts in econometrics
12701643;MOS-SIAM Series on Optimization
12701644;Computer science classics
12701645;Wiley series in software engineering practice
12701646;Pearson Studium
12701647;Pearson international edition
12701648;Prentice Hall Silicon systems engineering series
12701649;Sitzungsberichte der Heidelberger Akademie der Wissenschaften: Mathematisch-naturwissenschaftliche Klasse: Jahrgang 1995, 2. Abhandlung
12701650;Numerical mathematics and scientific computation
12701651;CS / Technical report / Knoxville / University of Tennessee / Computer Science Department
12701652;ACM Press books
12701653;Advances in object technology
12701654;Neue Software
12701655;Cambridge mathematical textbooks
12701656;FACIT: Formal approaches to computing and information technology
12701657;Open source library
12701658;Rice COMP TR
12701659;Gabler Research: neue betriebswirtschaftliche Forschung
12701660;Series in software engineering
12701661;Berichte aus der Psychologie
12701662;ACM distinguished dissertations
12701663;Discrete mathematics and its applications
12701664;dpunkt.Lehrbuch
12701665;Studies in logic, language and information
12701666;Fortschritt-Berichte VDI Reihe 10
12701667;Research in computer science
12701668;International Computer Science Series
12701669;SPIE / IEEE series on imaging science and engineering
12701670;Princeton series in theoretical and computational biology
12701671;Forschungsberichte für die Unternehmenspraxis
12701672;Research reports ESPRIT / project 9809, SER
12701673;Studies in logic and the foundations of mathematics
12701674;The Morgan Kaufmann series in systems on silicon
12701675;Foundations of computing series
12701676;Addison-Wesley object technology series
12701677;Ellis Horwood books in computer science
12701678;Software Best Practice
12701679;Computer graphics: systems and applications
12701680;DUV Informatik
12701681;ACM Distinguished Dissertations
12701682;The Fraunhofer IESE Series on Software and Systems Engineering
12701683;ASA-SIAM series on statistics and applied probability
12701684;CBMS-NSF regional conference series in applied mathematics
12701685;Lezioni Lincee
12701686;Bioinformatics in the post-genomic era
12701687;Perspectives in neural computing
12701688;Informationstechnologien für die Praxis
12701689;Electronic systems engineering series
12701690;Morgan Kaufmann series in computer graphics and geometric modeling
12701691;Springer Briefs in Mathematics
12701692;FZI-Berichte Informatik
12701693;Foundations of computing
12701694;Ergebnisse der Mathematik und ihrer Grenzgebiete
12701695;Sun Blueprints
12701696;Addison-Wesley Software Security Series
12701697;Technology in education series
12701698;Operations research / computer science interfaces series
12701699;Linux Specials
12701700;Best Practices Across the Data Life Cycle
12701701;Astronomy and astrophysics library
12701702;Mathematics Education Library
12701703;Computational mathematics and applications
12701704;Studies in natural language processing
12701705;Prentice Hall series in computer engineering
12701706;Leitfäden der angewandten Mathematik und Mechanik
12701707;Optimization and its applications
12701708;Macmillan computer science series
12701709;iX-Edition
12701710;Fischer Kompakt
12701711;Progress in computer science
12701712;Multimedia engineering
12701713;Tübinger Studientexte Informatik und Gesellschaft
12701714;Mathematische Grundlagen der Informatik
12701715;PC professional
12701716;Symbolic computation: artificial intelligence
12701717;Wiley series in communication and distributed systems
12701718;Applied optimization
12701719;Brady programming library
12701720;Chapman and Hall / CRC textbooks in computing
12701721;McGraw-Hill series in engineering sciences
12701722;Applied Computing
12701723;CPHC/BCS distinguished dissertations
12701724;Rotbuch Rationen
12701725;Applied computing
12701726;DSV
12701727;TUM-I
12701728;Forschen und Wissen Informatik
12701729;Ellis Horwood books in information technology
12701730;Ablex series in artificial intelligence
12701731;Arbeitsberichte des Department Informatik / Friedrich-Alexander-Universität Erlangen-Nürnberg
12701732;Springer Handbooks of Computational Statistics
12701733;Database management systems
12701734;TR
12701735;Schriftenreihe / Fachbereich Informatik, Universität Kaiserslautern
12701736;Chapman and Hall / CRC Applied Algorithms and Data Structures Series
12701737;The XP series
12701738;Springer series on agent technology
12701739;Wiley series on parallel and distributed computing
12701740;Perspectives in mathematical logic
12701741;mental ray® Handbooks
12701742;Logos
12701743;SIKS dissertation series
12701744;Ellis Horwood Series in artificial intelligence
12701745;Edition ALCATEL-SEL-Stiftung
12701746;Borland Osborne / McGraw-Hill programming series
12701747;Monographs in mathematics
12701748;DDI Use Case Literature
12701749;Perspectives in Mathematical Logic
12701750;Computer science workbench
12701751;Gesellschaft und Kommunikation
12701752;Fortschritte der Robotik
12701753;Chapman & Hall/CRC the R series
12701754;Genetic programming
12701755;Essays in cognitive psychology
12701756;Basiswissen
12701757;Aachener Informatik-Berichte, Software Engineering
12701758;Systems & Control: Foundations & Applications
12701759;International series in intelligent technologies
12701760;Oxford Master Series in Atomic, Optical, and Laser Physics
12701761;Information science and statistics
12701762;Tutorial guides in computing and information systems
12701763;Forschungsberichte
12701764;The Java series
12701765;Wiley-interscience series in systems and optimization
12701766;Advanced information processing
12701767;Wiley professional computingWiley series in software engineering practice
12701768;SIAM spotlights
12701769;Springer Compass
12701770;The Morgan Kaufmann series in networking
12701771;Applied logic series
12701772;Data handling in science and technology
12701773;DuD-Fachbeiträge
12701774;Spektrum-Hochschultaschenbuch
12701775;Sicherheit in der Informations- und Kommunikationstechnik
12701776;Springer series in computational mathematics
12701777;Teubner-Reihe Wirtschaftsinformatik
12701778;Mathematics and visualization
12701779;Synthese library
12701780;Research Report
12701781;Vieweg Studium
12701782;Information science and knowledge management
12701783;Whitestein series in software agent technologies and autonomic computing
12701784;Help for Internet users
12701785;Frontiers in applied mathematics
12701786;Logica Nova
12701787;Künstliche Intelligenz
12701788;X.systems.press
12701789;Computer aided systems engineering
12701790;Research reports for industrial practice domain
12701791;Studies in mathematical physics
12701792;Prentice Hall software series
12701793;Chapman and Hall / CRC innovations in software engineering and software development
12701794;De Gruyter Studium
12701795;Konstanzer Schriften in Mathematik und Informatik / Universität Konstanz / Fakultät für Mathematik und Informatik
12701796;Prentice Hall signal processing series
12701797;Informatik Lehrbuch-Reihe
12701798;Chapman and Hall / CRC computer and information science series
12701799;Tutorial text series
12701800;Series in approximations and decompositions
12701801;Wiley series in microwave and optical engineering
12701802;Computation and neural systems series
12701803;Reihe Künstliche Intelligenz
12701804;British library research
12701805;Series on applied mathematics
12701806;Texts in Computational Science and Engineering
12701807;vdf Lehrbuch
12701808;Series in computer science
12701809;Wiley series on information and communication technology
12701810;Mathematical surveys and monographs
12701811;Vieweg Lehrbuch Informatik
12701812;Trends in logic
12701813;MIT Press series in artificial intelligence
12701814;HRW Series in electrical and computer engineering
12701815;International software quality assurance series
12701816;Mathematik für Informatiker
12701817;Monographs in electrical and electronic engineering
12701818;de Gruyter series in nonlinear analysis and applications
12701819;Cambridge computer science texts
12701820;Regional conference series in applied mathematics
12701821;SunSoft Press Java series
12701822;Lecture Notes in Logic
12701823;A Norton professional book
12701824;Computer science and applied mathematics
12701825;Symbolic computation
12701826;Software Engineering Institute series in software engineering
12701827;Frontiers in mathematics
12701828;Modeling and simulation in science, engineering and technology
12701829;New media: policy and social research issues
12701830;Vieweg Studium Aufbaukurs Mathematik = Advanced lectures in mathematics
12701831;Ellis Horwood Series in computer communications and networking
12701832;Hewlett-Packard Press Series
12701833;International series in operations research and management science
12701834;Institute of Mathematical Statistics textbooks
12701835;Lectures in mathematics
12701836;MAA notes
12701837;Academic Press series in engineering
12701838;Undergraduate texts in mathematics
12701839;CSLI Studies in Computational Linguistics
12701840;Telepolis
12701841;Fortschritt-Berichte VDI Reihe 17
12701842;Pitman monographs and surveys in pure and applied mathematics
12701843;De Gruyter Lehrbuch
12701844;Applicable theory in computer science
12701845;Chapman & Hall computing series
12701846;TR ICSI - International Computer Science Institute / Berkeley
12701847;The Prentice Hall service-oriented computing series from Thomas Erl
12701848;Chapman and Hall computing series
12701849;Informatik-Lehrbuch
12701850;Internationale Computer-Bibliothek
12701851;Prentice-Hall Advances in computer science series
12701852;Uppsala theses in computing science
12701853;Wiley Series in Probability and Mathematical Statistics
12701854;Wiley-IS&T series in imaging science and technology
12701855;Powerful techniques for Perl and other tools
12701856;Professional Computing
12701857;Computer Science Workbench
12701858;Zielorientiertes Software Development
12701859;Dümmlerbuch
12701860;Teubner Studienbücher Ingenieurmathematik
12701861;Wiley pathways
12701862;Database systems
12701863;PHI Series in computer science
12701864;Research monographs in parallel and distributed computing
12701865;BI-Hochschultaschenbücher
12701866;Forschungsberichte/Monographien/Tagungsbände
12701867;C++ in-depth series
12701868;Hochschultaschenbuch
12701869;Statistics for Engineering and Information Science
12701870;Frontiers of computer science
12701871;Information systems
12701872;Sicherheit in der Informationstechnik
12701873;Programm Angewandte Informatik
12701874;Applied and numerical harmonic analysis
12701875;Advances in Experimental Medicine and Biology
12701876;Yourdon Press computing series
12701877;Cambridge international series on parallel computation
12701878;Real-Time Systems Series
12701879;Adaptive computation and machine learning
12701880;Prentice Hall series in advanced communications technologies
12701881;Internationale Reihe Kybernetik und Information
12701882;Practical software engineering series
12701883;SIAM studies in applied mathematics
12701884;Broschüren des Informatik-Forums Stuttgart e. V
12701885;Prentice Hall series in innovative technology
12701886;Ellis Horwood Series in computers and their applications
12701887;Fields Institute monographs
12701888;Frontiers in electronic testing
12701889;Statistik
12701890;Wirtschaftsinformatik / Business Computing
12701891;International series of numerical mathematics
12701892;IEEE Computer Society Press Tutorial
12701893;Sixth-generation computer technology series
12701894;Prentice Hall Information and System Sciences Series
12701895;Grundlehren der mathematischen Wissenschaften
12701896;Vieweg advanced studies in computer science
12701897;Morgan Kaufmann series in representation and reasoning
12701898;notThenot PWS series in computer science
12701899;Advances in computer science series
12701900;GMD-Bericht
12701901;Artech House information security and privacy series
12701902;Chapman and Hall / CRC studies in informatics series
12701903;Lingen PC Bibliothek
12701904;Mitteilungen aus dem Institut für angewandte Mathematik an der Eidgenössischen Technischen Hochschule in Zürich
12701905;Advances in industrial control
12701906;McGraw-Hill international series in software engineering
12701907;Nonconvex optimization and its applications
12701908;A.P.I.C. series
12701909;Cooperative Information Systems series
12701910;"ACM Doctoral dissertation award ; 1991"
12701911;Wiley series on wireless communications and mobile computing
12701912;Hanser Studienbücher der Informatik
12701913;Stanford Artificial Intelligence Laboratory: Memo AIM
12701914;Wiley series in mathematical and computational biology
12701915;World wide series in computer science
12701916;Apple developer connection / ADC
12701917;Wiley series in parallel computing
12701918;Vieweg Lehrbuch Angewandte Mathematik
12701919;BU-CS TR
12701920;The essence of management series
12701921;London Mathematical Society lecture note series
12701922;ASCI dissertation
12701923;Springer Series on Cultural Computing
12701924;Langue, raisonnement, calcul
12701925;The expert's voice
12701926;Informatik Lehrbuchreihe
12701927;Autonomic Systems
12701928;Hayden books Unix System Library
12701929;Research notes in theoretical computer science
12701930;Wadsworth & Brooks / Cole mathematics series
12701931;Bausteine Informatik
12701932;Make projects
12701933;Spektrum Lehrbuch
12701934;TELES European internet academy
12701935;Artificial Intelligence
12701936;Lecture notes in biomathematics
12701937;Statistical modeling and decision science
12701938;Lectures in mathematics / ETH Zürich
12701939;Hanser-Studien-Bücher
12701940;Cambridge studies in advanced mathematics
12701941;essentials
12701942;Graduate studies in mathematics
12701943;Informationsmittel für Bibliotheken : Beiheft
12701944;Leitfaeden der Informatik
12701945;Prentice Hall series in artificial intelligence
12701946;Perspectives in logic
12701947;Artech House computer security series
12701948;Oxford series on cognitive models and architectures
12701949;RIT / KTH / TRITA-CS
12701950;Sixth-Generation computer technology series
12701951;f-stop
12701952;Communications and Control Engineering
12701953;Erasmus research institute of management : ERIM
12701954;Communication and information sciences
12701955;Informatik
12701956;Image processing
12701957;Advances in simulation
12701958;Oxford Studies in the Evolution of Language
12701959;Prentice-Hall Software Series
12701960;Research report / RZ / IBM / IBM Research Division / Zürich Research Laboratory
12701961;IIG-Berichte / Institut für Informatik und Gesellschaft der Albert-Ludwigs-Universität Freiburg i. Br.
12701962;COE Research Monograph Series
12701963;PC professionell
12701964;Hanser Studien-Bücher der Informatik
12701965;X.media.interaktiv
12701966;Learning in doing: social,cognitive,and computational perspectives
12701967;Beck'sche Reihe
12701968;Cognitive science series
12701969;Prentice Hall international editions
12701970;Springer undergraduate mathematics series
12701971;The Enterprise Engineering Series
12701972;Ellis Horwood series in artificial intelligence
12701973;Ellis Horwood Series in Computers and their applications
12701974;Prenctice Hall International series in systems and control engineering
12701975;Infosys Press
12701976;Forschungsreport
12701977;Studien des Büros für Technikfolgen-Abschätzung beim Deutschen Bundestag
12701978;Essential series
12701979;Studies in linguistics and philosophy
12701980;Forschungsberichte / Universität Dortmund / Fachbereich Informatik
12701981;Cambridge Studies in Probability, Induction and Decision Theory
12701982;Artech House Series Bioinformatics and Biomedical Imaging
12701983;Informatik interaktiv
12701984;Artificial intelligence = Künstliche Intelligenz
12701985;Hanser-Studienbücher
12701986;Foundations of Computing Series
12701987;Artificial intelligence - Künstliche Intelligenz
12701988;Computer and communication sciences
12701989;Wiley series in pure and applied optics
12701990;Wolfram's Anwender- und Programmierhandbücher
12701991;Mathematical modeling
12701992;Texts and monographs in symbolic computation
12701993;Aachener Beiträge zur Mobil- und Telekommunikation
12701994;Lecture Notes of the Unione Matematica Italiana
12701995;Technischer Bericht : Reihe Informatik
12701996;Anwendungsorientierte Informatik
12701997;Ablex series in computational science
12701998;Addison-Wesley Kompaktführer
12701999;Narr Studienbücher
12702000;Research reports Esprit / project 7096 / CCE-CNMA
12702001;Monographs on statistics and applied probability
12702002;Cambridge mathematical library
12702003;x.media.press
12702004;Simulation Foundations, Methods and Applications
12702005;Data communications and networks
12702006;Encyclopaedia of mathematical sciences
12702007;Springer series in operations research
12702008;Addison-Wesley series on tools and techniques for computer typesetting
12702009;Forschungsberichte aus dem Institut für Werzeugmaschinen und Betriebstechnik der Universität Karlsruhe
12702010;Economic learning and social evolution
12702011;Benjamin/Cummings series in computer science
12702012;Artificial intelligence and legal reasoning
12702013;Foundations in Signal Processing, Communications and Networking
12702014;Teubner Studienbücher Mathematik
12702015;HNI-Verlagsschriftenreihe
12702016;Berichte aus der Sportwissenschaft
12702017;Computational models of cognition and perception
12702018;Cambridge tracts in mathematics
12702019;Progress in Nonlinear Differential Equations and Their Applications
12702020;Use R!
12702021;Biological and medical physics biomedical engineering
12702022;Routledge advanced texts in economics and finance
12702023;Mathematik für Anwendungen
12702024;Berichte aus dem Department für Informatik / Universität Oldenburg / Fachbereich Informatik
12702025;Birkhäuser Avanced texts
12702026;Reihe Fachwissen Telekommunikation
12702027;Communications and control engineering
12702028;Perspectives in artificial intelligence
12702029;The SunSoft Press Java series
12702030;Informatik-Management
12702031;de Gruyter studies in mathematics
12702032;Springer tracts in modern physics
12702033;McGraw-Hill series in information processing and computers
12702034;Diss. ETH
12702035;UNIX und seine Werkzeuge
12702036;Reihe Informationstechnik und Datenverarbeitung
12702037;Addison-Wesley Eiffel in practice series
12702038;Princeton series in applied mathematics
12702039;Dokumente und Berichte
12702040;CAD/CAM, robotics, and computer vision
12702041;Reports on Communications and Distributed Systems
12702042;Springer texts in statistics
12702043;SIAM monographs on mathematical modeling and computation
12702044;Linköping studies in science and technology dissertations
12702045;The Vienna series in theoretical biology
12702046;Recent research in psychology
12702047;Springer Compass International
12702048;Lectures on mathematical logic
12702049;Addison-Wesley series in artificial intelligence
12702050;Chapman and Hall / CRC cryptography and network security series
12702051;Preprint SFB 393 / Technische Universität Chemnitz - Zwickau
12702052;Ellis Horwood series in electrical and electronic engineering
12702053;Best Practices for Longitudinal Data
12702054;dpunkt.lehrbuch
12702055;Applied mathematical sciences
12702056;Skripten zur Informatik
12702057;Berichte aus der Elektrotechnik
12702058;Linguistische Arbeiten
12702059;IEEE computer society press monograph
12702060;Prentice Hall series in computational mathematics
12702061;Intelligent robots and autonomous agents
12702062;Kiel Computer Science Series
12702063;SpringerBriefs in Statistics
12702064;Bejnamin/Cummings series in computer science
12702065;ACL-MIT press series in natural language processing
12702066;Heidelberger Taschenbücher
12702067;Chapman and Hall computer science : research and practice
12702068;Lecture notes in economics and mathematical systems
12702069;Communications and control engineering series
12702070;Prentice Hall advances in computer science series
12702071;English for academic purposes series
12702072;Dissertationen zu Datenbanken und Informationssystemen
12702073;Routledge Studies in Global Competition
12702074;CRM monograph series
12702075;Ellis Horwood series in mathematics and its applications
12702076;Princeton computer science notes
12702077;Fortschritt-Berichte VDI : Reihe 21, Elektrotechnik
12702078;Lehrbücher Wirtschaftsinformatik
12702079;MIP / Universität Passau / Fakultät für Mathematik und Informatik
12702080;Multimedia systems and applications
12702081;Mathematics and Visualization
12702082;Mathematik Kompakt
12702083;Production and Logistics
12702084;SIAM studies in applied and numerical mathematics
12702085;The Eclispe series
12702086;Berichte aus der Mathematik
12702087;Cooperative information systems
12702088;Artech house universal personal communications series
12702089;Objekttechnologie
12702090;PARAT
12702091;de Gruyter series in logic and its applications
12702092;Jaakko Hintikka selected papers
12702093;International series in logic programming
12702094;Addison-Wesley series in object-oriented software engineering
12702095;Control engineering
12702096;The Dolciani mathematical expositions
12702097;Ablex computational science series
12702098;What Every Engineer Should Know About
12702099;Structural analysis in the social sciences
12702100;Information technology
12702101;IT Press information technique microsystems engineering series
12702102;Perspectives in computing
12702103;Fortschritt-Berichte VDI Reihe 20 / Rechnerunterstützte Verfahren
12702104;The expert's voice in mobile technologies
12702105;Discrete mathematics and its applications series
12702106;Prentice Hall object-oriented series
12702107;Prentice Hall series in computer science
12702108;vdf Praxis und Lehre
12702109;Integrated series in information systems
12702110;European Forest Institute Research Report
12702111;Werkstatt Bionik und Evolutionstechnik
12702112;Grundzüge der BWL
12702113;Mathematics in industry
12702114;Bioengineering and Health Science Series
12702115;Web review studio series
12702116;Astronomy and Astrophysics Library
12702117;Software engineering series
12702118;Advances in computer vision and machine intelligence
12702119;International series in software engineering
12702120;Advances in formal methods
12702121;Applied and Numerical Harmonic Analysis
12702122;Teubner-Texte zur Mathematik
12702123;The Lean Series
12702124;Technical note
12702125;Studien-Texte Informatik
12702126;Computer systems
12702127;Law, Governance and Technology Series
12702128;The Kluwer international series on biometrics
12702129;Intelligent systems series
12702130;Library and information science series
12702131;Prentice-Hall series in automatic computation
12702132;Scientific computation
12702133;Philosophical Analysis
12702134;Graduate Texts in Mathematics
12702135;The Morgan Kaufmann series in interactive 3D technology
12702136;Chapman and Hall / CRC mathematics texts
12702137;Schriftenreihe der Bundesanstalt für Arbeitsschutz : Forschung
12702138;Berliner Bibliothek zum Urheberrecht
12702139;Signal processing and its applications
12702140;Ellis Horwood series in computer communications and networking
12702141;Mitteilungen aus dem Forschungsinstitut der Deutschen Bundespost
12702142;Oxford texts in logic
12702143;Quaestiones infinitae
12702144;Problem books in mathematics
12702145;Leonardo
12702146;Springer books on professional computing
12702147;Bericht / Christian-Albrechts-Universität Kiel / Institut für Informatik und Praktische Mathematik
12702148;McGraw-Hill computer science series
12702149;Wiley interscience series in discrete mathematics and optimization
12702150;Cambridge series in statistical and probabilistic mathematics
12702151;Springer Monographs in Mathematics
12702152;Lehrbücher der Informatik
12702153;Schriften zur Informationswissenschaft
12702154;Schriftenreihe Information und Recht
12702155;Prentice Hall international series in industrial and systems engineering
12702156;The Morgan Kaufmann series in data management systems
12702157;Ellis Horwood Books in computing science
12702158;SEKI Report
12702159;Edition kes
12702160;Sustainable living series
12702161;Computational Analysis, Synthesis, and Design of Dynamic Systems
12702162;Software, environments, and tools
12702163;Embedded Systems
12702164;Network theory and applications
12702165;DoCS
12702166;Theorie der Informatik
12702167;Information revolution and global politics
12702168;Scientific papers of the Institute of Technical Cybernetics of the Technical University of Wroclaw
12702169;Chapman and Hall mathematics series
12702170;Apple technical library
12702171;Lehr- und Handbücher der Statistik
12702172;Studien zur Wirtschaftsinformatik
12702173;Forschungsberichte des Fachbereichs Informatik / Technische Universität Berlin / Fachbereich 20, Informatik
12702174;Topics in computer mathematics
12702175;Uni-text
12702176;Eingebettete, selbstorganisierende Systeme
12702177;Prentice-Hall international editions
12702178;Wiley-Teubner series in computer science
12702179;Algorithms and architectures for advanced scientific computing
12702180;Progress in IS
12702181;Computer science monographs
12702182;Prentice Hall International Editions
12702183;Addison-Wesley series in statistics
12702184;Edition Screen Multimedia
12702185;Signals and communication technology
12702186;Lecture Notes Series / Institute for Mathematical Sciences / National University of Singapore
12702187;Oldenburg computer science series
12702188;ix edition
12702189;Computer science series
12702190;Mathematical lecture note series
12702191;Theory and decision library C
12702192;Princeton studies in complexity
12702193;European semiotics
12702194;Tutorial monographs in cognitive science
12702195;Aachener Beiträge zur Wissenschafts- und Technikgeschichte des 20. Jahrhunderts
12702196;McGrawhill international series in software engineering
12702197;Psychology Research Progress
12702198;Ellis Horwood workshop series
12702199;Inside technology
12702200;Mathematik für Ingenieure
12702201;BPS textbooks
12702202;Betriebswirtschaftliche Forschung zur Unternehmensführung
12702203;Programming series
12702204;Lebensgeschichten aus der Wissenschaft
12702205;Ellis Horwood series series in interactive information systems
12702206;Emerging directions in database systems and applications
12702207;Research monographs in geographic information systems
12702208;PC-professionell
12702209;White Paper Series
12702210;Lecture notes in earth sciences
12702211;Interdisciplinary applied mathematics
12702212;Teubner Studienskripten
12702213;Spatial information systems
12702214;Palgrave Global Media Policy and Business Series
12702215;Capturing intelligence
12702216;Hildesheimer Informatik-Berichte
12702217;Informatik und Computer
12702218;The systems programming series
12702219;Prentice Hall International editions
12702220;Hochschultext
12702221;CTIT Ph. D-thesis series
12702222;Representation and Mind
12702223;Prentice Hall Series in Innovative Technology
12702224;Oxford engineering science series
12702225;English corpus linguistics
12702226;Microelectronics systems design series
12702227;Wolfram's Anwender- und Programmierhandbuch
12702228;MIT Press series in scientific computation
12702229;Springer monographs in mathematics
12702230;Series on integrated circuits and systems
12702231;Law and philosophy library
12702232;ACM Press tutorial series
12702233;Prentice Hall computer applications in electrical engineering series
12702234;Kendall's library of statistics
12702235;The Morgan Kaufmann series in multimedia information and systems
12702236;Computer security
12702237;Benjamin/Cummings Series in computer science and engineering
12702238;Boston studies in the philosophy of science
12702239;Chapman and Hall / CRC machine learning and pattern recognition series
12702240;Advances in distributed computing and middelware
12702241;Ellis Horwood Series in mathematics and its applications
12702242;Texts in statistical science series
12702243;Springer complexity
12702244;Addison-Wesley advanced Windows series
12702245;ILLC dissertation series
12702246;The MIT Press essential knowledge series
12702247;Zurich Lectures in Advanced Mathematics
12702248;C-LAB publication
12702249;Prentice Hall International Series in computer science
12702250;The Eclipse series
12702251;Digital libraries and electronic publishing
12702252;Help for Unix system administrators
12702253;Research report / RC / IBM / IBM Research Division / T. J. Watson Research Center
12702254;Mathematical modelling
12702255;Micro computer books
12702256;Digital audio and video series
12702257;Prentice Hall international series in systems and control engineering
12702258;ACM Doctoral dissertation awards
12702259;SpringerBriefs in Applied Sciences and Technology
12702260;Research Notes in Theoretical Computer Science
12702261;University Lecture Series
12702262;Explorations in language and space
12702263;Oxford lecture series in mathematics and its applications
12702264;McGrawHill international series in software engineering
12702265;A.K. Peters visualization series
12702266;Other Titles in Applied Mathematics
12702267;Computer science reviews and trends
12702268;CRC Press series on discrete mathematics and its applications
12702269;Forschungsberichte für die Unternehmenspraxis : vdf Wirtschaft
12702270;Wiley series in telecommunicatins and signal processing
12702271;ACM Distinguished dissertations
12702272;Service Science
12702273;Nachrichtentechnik
12702274;Series in high energy physics, cosmology, and gravitation
12702275;IPA dissertation series
12702276;Vieweg Studium Aufbaukurs Mathematik
12702277;Colloquium Publications
12702278;Intelligent manufacturing series
12702279;Interner Bericht / Universität Kaiserslautern / Fachbereich Informatik
12702280;Human-computer interaction series
12702281;Understanding science and technology series
12702282;Insight series in artificial intelligence
12702283;Informationstechnik
12702284;Nonconvex Optimization and Its Applications
12702285;Siam studies in applied mathematics
12702286;Entrepreneurship
12702287;Newnes know it all series
12702288;Addison-Wesley series in telecommunications
12702289;Stochastic modeling series
12702290;Advances in database research series
12702291;de Gruyter Lehrbuch
12702292;Help for system administrators
12702293;Teubner Studienbücher: Informatik
12702294;Formal approaches to computing and information technology
12702295;Lecture notes in control and information sciences
12702296;Prentice Hall series in computer networking and distributed systems
12702297;Adaptation, learning, and optimization
12702298;Probleme der Semiotik
12702299;Explorations in cognitive science
12702300;Unix power tools
12702301;Theory and Applications of Computability
12702302;Computer Monographien
12702303;Springer series in symbolic computation
12702304;Vieweg + Teubner Research
12702305;General electric series
12702306;Insiderbuch
12702307;Springer Theses: Recognizing outstanding Ph.D. Research
12702308;Trends in Linguistics. Studies and Monographs
12702309;notThenot Morgan Kaufmann series in representation and reasoning
12702310;The Kluwer international series on computer supported cooperative work
12702311;World Scientific series on nonlinear science
12702312;Canadian Mathematical Society series of monographs and advanced texts
12702313;Information Science and Statistics
12702314;Legisprudence Library
12702315;The Morgan Kaufmann Series in Computer Architecture and Design
12702316;EURASIP and Academic Press Series in Signal and Image Processing
12702317;Computer-Praxis Mathematik
12702318;DUV Datenverarbeitung
12702319;Annals of discrete mathematics
12702320;MIT Press Series in Computer Systems
12702321;Ellis Horwood series in digital and signal processing
12702322;Aspects of mathematics
12702323;Prentice Hall Silicon Systems Engineering Series
12702324;Wiley series in systems engineering and management
12702325;Key Concerns in Media Studies
12702326;Wissenschaftliche Berichte und Materialien / Bundesinstitut für Sportwissenschaft
12702327;Logic Programming
12702328;Language, speech, and communication
12702329;Advanced courses in mathematics : CRM Barcelona
12702330;BIT innovativ
12702331;History of computing
12702332;Informationstechnik und Datenverarbeitung
12702333;IFA publication
12702334;notThenot SunSoft Press Java series
12702335;John Wiley Information systems series
12702336;Advanced topics in database research
12702337;Publishing Praxis
12702338;Research reports ESPRIT / project 302
12702339;Stochastic modeling and applied probability
12702340;Academic Press international series in formal methods
12702341;Routledge Series in Information Systems
12702342;Mathematical research
12702343;Mathematics accross the curriculum
12702344;Dresdner Schriften zur Hydrologie
12702345;University lecture series
12702346;Advanced perspectives in applied computing
12702347;Advances in soft computing
12702348;Digital Press X and Motif Series
12702349;Unix programming
12702350;DUV Wirtschaftsinformatik
12702351;Theory and decision library : series D
12702352;Edition TDWI
12702353;Problem Books in Mathematics
12702354;EMS textbooks in mathematics
12702355;MedienBildungForschung
12702356;Knowledge-based systems book series
12702357;Prentice Hall Series in computer engineering
12702358;Engineering research series
12702359;Hewlett-Packard professional books
12702360;History of mathematics
12702361;Routledge Advances in Management and Business Studies
12702362;FOCUS - Computer Engineering Series
12702363;Recht und neue Medien
12702364;Johns Hopkins series in the mathematical sciences
12702365;Artificial Intelligence = Künstliche Intelligenz
12702366;Advanced series on statistical science and applied probability
12702367;American Mathematical Society translations series 2
12702368;Schriftenreihe Mensch, Informatik, Organisation
12702369;Prentice Hall International series in systems and control engineering
12702370;The SEI series in software engineering / Software Engineering Institute
12702371;Kluwer international series in engineering and computer science
12702372;Handbook of numerical analysis
12702373;Multiagent systems, artificial societies, and simulated organizations
12702374;Prentice Hall International series in Computer Science
12702375;Digital design and applications
12702376;SPIE/IEEE series on imaging science and engineering
12702377;Informatik Berichte / FernUniversität-Gesamthochschule Hagen / Fachbereich Informatik
12702378;Advances in psychology
12702379;Genetic and evolutionary computation series
12702380;Monographs on numerical analysis
12702381;Computeralgebra
12702382;Wiley series on quantitative software engineering
12702383;The Morgan Kaufmann series in computer graphics and geometric modeling
12702384;Computer software engineering series
12702385;Very short introductions
12702386;Prentice Hall Series in Computer Engineering
12702387;Linguistic inquiry
12702388;Texts in computational science and engineering
12702389;The Motorola codex basics book series
12702390;Computation in cognitive science
12702391;Programm-Information PI-45
12702392;A nutshell handbook
12702393;MikorComputer-Praxis
12702394;Spektrum Hochschultaschenbuch
12702395;Wiley series in computing
12702396;Ellis Horwood series in interactive information systems
12702397;McGraw-Hill Computer Science series
12702398;TUM
12702399;Texts in applied mathematics
12702400;Informatik Berichte
12702401;The Mathematica Guidebook
12702402;notThenot Benjamin/Cummings series in computer science
12702403;Prentice Hall International series in computer science and engineering
12702404;Reihe Informationstechnik/Nachrichtentechnik
12702405;Critical reasoning and argumentation
12702406;Forschungsberichte / Monographien / Tagungsbände
12702407;Research reports ESPRIT / project 2463 / ARGOSI
12702408;New Mathematical Monographs
12702409;Materialien zur Information und Dokumentation
12702410;Nijhoff studies in EU law
12702411;McGraw-Hill international editions: computer science series
12702412;Studies in nonlinearity
12702413;Computers and people series
12702414;Edition SEL-Stiftung
12702415;The Sun microsystems press Java series
12702416;Datenverarbeitungspraxis
12702417;The Morgan Kaufmann series in computer graphics
12702418;Wiley series in industrial software engineering practice
12702419;Progress in Computer Science and Applied Logic
12702420;Chapman and Hall / CRC Data Mining and Knowledge Discovery Series
12702421;Computational neuroscience
12702422;Neuropsychology and cognition
12702423;notThenot Addison-Wesley object technology series
12702424;River Publishers Series in Information Science and Technology
12702425;TIK-Schriftenreihe
12702426;The archivist's library
12702427;Advanced software development series
12702428;Instant notes
12702429;Ellis Hoorwood series in computers and their applications
12702430;Wiley series in systems engineering
12702431;IET Control Engineering Series
12702432;Publications of the Division of Geotechnical Engineering (IGT) / Swiss Federal Institute of Technology, Zürich
12702433;SMLI TR
12702434;Nutshell handbooks
12702435;TCW-Report
12702436;FACIT : formal approaches to computing and information technology
12702437;Physics series
12702438;Kluwer international series in operations research and management service
12702439;The SEI series in software engineering
12702440;Research and education in mathematics
12702441;Undergraduate Texts in Mathematics
12702442;Cambridge Introductions to Music
12702443;Teubner Texte zur Informatik
12702444;Princeton Series in Applied Mathematics
12702445;Quantitative Linguistics
12702446;Princeton Landmarks in Mathematics and Physics
12702447;Princeton Legacy Library
12702448;Mensch, Computer, Kommunikation - Grundwissen
12702449;EATCS monographs on theoretical computer science
12702450;Physics and astronomy online library
12702451;Polizei + Forschung
12702452;A Wiley-Interscience publication
12702453;International handbooks on information systems
12702454;UNIX network programming
12702455;Springer Series in Statistics
12702456;Lecture notes in statistics
12702457;Symbolic computation - Artificial intelligence
12702458;Mathematics in science and engineering
12702459;Prentice-Hall software series
12702460;Lextra
12702461;Elsevier computer science library
12702462;Communication and cybernetics
12702463;Symbolic computation : computer graphics
12702464;Lectures in pattern theory / U. Grenander
12702465;Focus on computer graphics
12702466;Handbook for automatic computation
12702467;Topics in applied physics
12702468;Adaptive computation and machine learning series
12702469;Fundamental studies in computer science
12702470;The Morgan Kaufmann Series in representation and reasoning
12702471;Advanced book program
12702472;Fortran numerical recipes
12702473;Programming languages
12702474;A Bradford book
12702475;Springer study edition
12702476;TELOS The electronic library of science
12702477;Scientific and engineering computation series
12702478;The computer science library : Artificial intelligence series
12702479;Teubner Studienbücher : Informatik
12702480;Notes on numerical fluid mechanics and multidisciplinary design
12702481;Topics in information systems
12702482;Cambridge approaches to linguistics
12702483;Addison-Wesley component software series
12702484;Modern analytic and computational methods in science and mathematics
12702485;Computing : Supplementum
12702486;Interscience tracts in pure and applied mathematics
12702487;ZfB : special issue
12702488;Mathematical linguistics and automatic language processing
12702489;Symbolic computation : Artificial intelligence
12702490;Addison-Wesley series in behavioral science : quantitative methods
12702491;Symbolic computation : artificial intelligence
12702492;Special topics in supercomputing
12702493;Methods of biochemical analysis
12702494;Addison-Wesley series in computer science and information processing
12702495;Design, technology, business, life
12702496;Informatik-Fachberichte
12702497;A Wiley publication in applied statistics
12702498;Penguin Modern Linguistics Readings
12702499;Optimization and neural computation series
12702500;McGraw-Hill series in systems science
12702501;ACL-MIT Press series in natural language processing
12702502;Cognitive science series : Collections
12702503;Wiley series in probability and mathematical statistics : applied probability and statistics
12702504;The advanced book program
12702505;MIT Press series on economic learning and social evolution
12702506;The Java series ... from the source
12702507;Multivariate applications series
12702508;Wiley computer publishing
12702509;VDI Report
12702510;Studien zur Wissenschafts- und Technikforschung
12702511;Advances in Computer Science and Engineering : Reports and Monographs
12702512;The Library of Essays in Contemporary Legal Theory: Second Series
12702513;Studies on eOrganisation and Market Engineering
12702514;Participation in Broadband Society
12702515;Schriften der Deutschen Vereinigung für Sportwissenschaft
12702516;New Developments in Mass Spectrometry
12702517;CRC computational science series
12702518;Computational Analysis, Synthesis, & Design Dynamic Systems
12702519;Discrete Mathematics and Its Applications
12702520;Annales Academiae Scientiarum Fennecae, Series A
12702521;IAS / Park City mathematics series
12702522;Fields Institute Communications
12702523;Contemporary Mathematics
12702524;Oxford series in human technology interaction
12702525;Series in human-technology interaction
12702526;Series in affective science
12702527;Series in systems biology
12702528;Oxford readings in philosophy
12702529;Oxford handbooks in philosophy
12702530;The Future of Learning
12702531;Advanced Information Technology
12702532;Handbooks in Operations Research and Management Science
12702533;Handbook of Statistics
12702534;Neural network systems techniques and applications
12702535;Chapman & Hall/CRC Applied Algorithms and Data Structures series
12702536;Mobile Services and Systems Series
12702537;Devices, Circuits, and Systems
12702538;Series in Computational Physics
12702539;Wireless Networks and Mobile Communications Series
12702540;Die blaue Stunde der Informatik
12702541;Computational Intelligence
12702542;Business Computing
12702543;Advances in Applied Microeconomics
12702544;Software, Environments, Tools
12702545;Geometric Design Publications
12702546;Studies in Applied Mathematics
12702547;ASA-SIAM Series on Statistics and Applied Mathematics
12702548;Software, Environments and Tools
12702549;Advances in Design and Control
12702550;Classics in Applied Mathematics
12702551;Frontiers in Applied Mathematics
12702552;CSLI Lecture Notes
12702553;Wiley Series in Probability and Statistics
12702554;Wiley Series on Parallel and Distributed Computing
12702555;Intelligent transportation systems
12702556;IEEE Press series on network management
12702557;Wiley series on bioinformatics
12702558;World Scientific Series in Health Investment and Financing
12702559;Series on University Mathematics
12702560;Series on Advances in Mathematics for Applied Sciences
12702561;Lecture Notes Series on Computing
12702562;World Scientific Series in Information Studies
12702563;Series on Industrial and Systems Engineering
12702564;Series on Machine Consciousness
12702565;Computer and Network Security
12702566;World scientific series in computer science
12702567;Singapore University of Social Sciences - World Scientific Future Economy Series
12702568;Series on Complexity Science
12702569;Primers in Electronics and Computer Science
12702570;Advances in Natural Computation
12702571;Series in mathematical biology and medicine
12702572;Modelling and Simulation in Medical Imaging
12702573;New Frontiers in Robotics
12702574;Series in Computer Vision
12702575;Series on Intelligence Science
12702576;Series in Applied and Computational Mathematics
12702577;World Scientific Series on Financial Data Analytics
12702578;Intelligent Information Systems
12702579;Series on Innovation and Knowledge Management
12702580;International Series on Advances in Solid State Electronics and Technology
12702581;East China Normal University Scientific Reports
12702582;Series on Advances in Bioinformatics and Computational Biology
12702583;Interdisciplinary Mathematical Sciences
12702584;Between Science and Economics
12702585;Series on Computers and Operations Research
12702586;Series on Knots and Everything
12702587;Studies in Josephson Supercomputers
12702588;Series in Modern Applied Mathematics
12702589;Monographs in Number Theory
12702590;Series on Analysis, Applications and Computation
12702591;Complex Systems and Interdisciplinary Science
12702592;Series on Theoretical Computer Science
12702593;IISc Research Monographs Series
12702594;Series on Innovative Intelligence
12702595;Algebra and Discrete Mathematics
12702596;World Scientific-Now Publishers Series in Business
12702597;World Scientific Series in R&D Management
12702598;World Scientific Series on the Built Environment
12702599;Computational, Numerical and Mathematical Methods in Sciences and Engineering
12702600;WSPC Book Series in Unconventional Computing
12702601;Mathematics, Computing, Language, and Life: Frontiers in Mathematical Linguistics and Language Theory
12702602;System Engineering and Operations Research
12702603;World Scientific Series on Nonlinear Science Series B
12702604;Advanced Textbooks in Mathematics
12702605;World Scientific Series in Finance
12702606;World Scientific Series on Emerging Technologies: Avram Bar-Cohen Memorial Series
12702607;Series in Automation
12702608;Series on Coding Theory and Cryptology
12702609;World Scientific Series in Digital Forensics and Cybersecurity
12702610;Problem Solving in Mathematics and Beyond
12702611;Outstanding Dissertations in the Computer Sciences
12702612;Encyclopedia of Mathematics and its Applications
12702613;London Mathematical Society Lecture Note Series
12702614;Cambridge Nonlinear Science Series
12702615;Perspectives in Logic
12702616;Cambridge Studies in Advanced Mathematics
12702617;Cambridge Tracts in Theoretical Computer Science
12702618;London Mathematical Society Student Texts
12702619;Analytical Methods for Social Research
12702620;Cambridge Series in Statistical and Probabilistic Mathematics
12702621;Natural Language Processing
12702622;Capturing Intelligence
12702623;Handbook of statistics
12702624;Handbooks in operations research and management science
12702625;Methods in Enzymology
12702626;Studies in Logic and the Foundations of Mathematics
12702627;Advances in systems control and information engineering
12702628;Psychology of Learning and Motivation
12702629;Machine Intelligence and Pattern Recognition
12702630;Studies in logic and practical reasoning
12702631;Adaptation, Learning, and Optimization
12702632;Mathematics and Its Applications
12702633;The International Series in Video Computing
12702634;SpringerBriefs on Cyber Security Systems and Networks
12702635;Springer Texts in Electrical Engineering
12702636;Genetic Algorithms and Evolutionary Computation
12702637;Perspectives in Neural Computing
12702638;Computer Architecture and Design Methodologies
12702639;Perspectives in Law, Business and Innovation
12702640;Understanding Complex Systems
12702641;Mathematics for Industry
12702642;Modeling and Simulation in Science, Engineering and Technology
12702643;CISM courses and lectures : International Centre for Mechanical Sciences
12702644;Genetic and Evolutionary Computation
12702645;BestMasters
12702646;Information Fusion and Data Science
12702647;Advanced Textbooks in Control and Signal Processing
12702648;Springer Series in Computational Mathematics
12702649;Machine Translation: Technologies and Applications
12702650;International Series in Software Engineering
12702651;Advanced Studies Mobile Research Center Bremen
12702652;Lecture Notes in Economics and Mathematical Systems
12702653;Translational Systems Sciences
12702654;Gabler Research
12702655;Computational Intelligence Methods and Applications
12702656;Springer Series in Information Sciences
12702657;International Centre for Mechanical Sciences (CISM) Book Series
12702658;Studies in Systems, Decision and Control
12702659;Health Information Science
12702660;Applications of Communications Theory
12702661;Surveys in computer science
12702662;Telecommunication Networks and Computer Systems
12702663;Studies in Choice and Welfare
12702664;Applied Mathematical Sciences
12702665;The Kluwer International Series in Software Engineering
12702666;Macmillan Computer Science Series
12702667;Terrorism, Security, and Computation
12702668;Studies in the Philosophy of Sociality
12702669;Computational Methods in Applied Sciences
12702670;The Springer International Series in Engineering and Computer Science
12702671;Simula SpringerBriefs on Computing
12702672;Topics in Information Systems
12702673;The Kluwer International Series on Discrete Event Dynamic Systems
12702674;Multimedia Systems and Applications
12702675;International Series of Numerical Mathematics
12702676;Lecture Notes in Control and Information Sciences
12702677;Computer-Supported Collaborative Learning Series
12702678;Advanced Information Processing
12702679;Management for Professionals
12702680;Atlantis Briefs in Artificial Intelligence
12702681;Springer Series in Operations Research
12702682;Atlantis Studies in Computational Finance and Financial Engineering
12702683;Stochastic Modelling and Applied Probability
12702684;Monographs on Applied Probability and Statistics
12702685;Applications of Mathematics
12702686;International Series on Computer Entertainment and Media Technology
12702687;High-Performance Computing Series
12702688;Studies in Big Data
12702689;Theory and Decision Library
12702690;Algorithms and Combinatorics
12702691;Text, Speech and Language Technology
12702692;Signals and Communication Technology
12702693;Springer Optimization and Its Applications
12702694;The Springer Series on Challenges in Machine Learning
12702695;Space and Society
12702696;Applied Optimization
12702697;The Kluwer/Springer International Series in Engineering and Computer Science
12702698;Progress in Theoretical Computer Science
12702699;Springer Computer Science
12702700;Digital Signal Processing
12702701;Web-Scale Workflow and Analytics
12702702;Semantic Web And Beyond
12702703;Control Engineering
12702704;Collection IRIS
12702705;Edition HMD
12702706;Communications and Control Engineering Series
12702707;Advances in Computer Science and Technology
12702708;CMS Books in Mathematics
12702709;Multiagent Systems, Artificial Societies, and Simulated Organizations
12702710;Springer Theses
12702711;Texts in Applied Mathematics
12702712;Workshops in Computing
12702713;Semantics Structures in Computation
12702714;Biosystems & Biorobotics
12702715;Advances in Group Decision and Negotiation
12702716;Springer Series in Synergetics
12702717;Communication and Cybernetics
12702718;Perspectives in Social Psychology
12702719;Interactive Modeling and Simulation in Business System Design
12702720;NATO Science Series
12702721;Outstanding Contributions to Logic
12702722;Logic and Integer Programming
12702723;Springer texts in business and economics
12702724;Formal Approaches to Computing and Information Technology (FACIT)
12702725;Texts and Monographs in Symbolic Computation
12702726;NATO ASI Series
12702727;Trends in Logic
12702728;Smart Sensors, Measurement and Instrumentation
12702729;Advanced Topics in Science and Technology in China
12702730;Integrated Series In Information Systems
12702731;Unsupervised and Semi-Supervised Learning
12702732;Internet of Things
12702733;Advances in computing science
12702734;Markt- und Unternehmensentwicklung / Markets and Organisations
12702735;International Series in Operations Research & Management Science
12702736;Texts and Monographs in Computer Science, Third Corrected Edition
12702737;Operations Research/Computer Science Interfaces Series
12702738;Integrated Series in Information Systems
12702739;Springer Texts in Statistics
12702740;Data Analytics
12702741;Studies in Neuroscience, Psychology and Behavioral Economics
12702742;Human-centred systems
12702743;The Graphics Gems Series
12702744;Notes and reports in mathematics in science and engineering
12702745;Advances in Experimental Social Psychology
12702746;Handbook of Perception and Cognition
12702747;Mathematical systems in economics
12702748;Systems
12702749;Schriftenreihe der Bundesanstalt für Arbeitsschutz
12702750;RCOST / Software Technology Series
12702751;Kluwer International Series in Engineering and Computer Science
12702752;Studies in Cognitive Systems
12702753;The International Series on Asian Studies in Computer and Information Science
12702754;The international series in engineering and computer science
12702755;Advances in Databases Systems
12702756;Addison-Wesley series in computer science / World student series edition
12702757;Proceedings of Machine Learning Research
12702758;CEUR Workshop Proceedings
12702759;Informatik Aktuell
12702760;Preprint
12702761;IFIP Conference Proceedings
12702762;IFIP Transactions
12702763;IFIP
12702764;EPiC Series in Computing
12702765;Lecture Notes of the Institute for Computer Sciences, Social Informatics and Telecommunications Engineering
12702766;Bochumer Schriften zur parallelen Datenverarbeitung
12702767;Computing Supplement
12702768;Kalpa Publications in Computing
12702769;Electronic Notes in Theoretical Computer Science
12702770;OASIcs
12702771;ERCIM Workshop Proceedings
12702772;ACM International Conference Proceeding Series
12702773;LIPIcs
12702774;JMLR Workshop and Conference Proceedings
12702775;SPIE Proceedings
12702776;Proceedings in Information and Communications Technology
12702777;Berichte des German Chapter of the ACM
12702778;Procedia Computer Science
12702779;CRPIT
12702780;Current Issues in Linguistic Theory (CILT)
12702781;books@ocg.at
12702782;IFIP International Federation for Information Processing
12702783;Best Practices Series
12702784;Linköping Electronic Conference Proceedings
12702785;CTIT Workshop Proceedings
12702786;Dagstuhl Seminar Proceedings
12702787;Dagstuhl Follow-Ups
12702788;Informatik aktuell
12702789;Datalogiske Skrifter (Writings on Computer Science)
12702790;AAAI Technical Report
12702791;Mechanisms and Machine Science
12702792;Informatik-Berichte des IfI
12702793;Report
12702794;Lecture Notes in Engineering and Computer Science
12702795;Springer Proceedings in Advanced Robotics
12702796;BCS conference series
12702797;Agent-Based Social Systems
12702798;Fraunhofer-Verbund Verteidigungs- und Sicherheitsforschung VVS
12702799;Computer-Supported Collaborative Learning
12702800;IFIP - The International Federation for Information Processing
12702801;Annals of Computer Science and Information Systems
12702802;Schriftenreihe Informatik
12702803;DMTCS Proceedings
12702804;IfGIprints
12702805;GMD Report
12702806;Technical Report
12702807;The Kluwer International Series in Engineering and Computer Science 296
12702808;Fortschritte in der Wissensorganisation
12702809;Extraction des Connaissances et Apprentissage
12702810;Revue des Sciences et Technologies de l'Information - série RIA ECA
12702811;Proceedings of the International Astronomical Union
12702812;Proceedings of SPIE
12702813;Mathematik, Seminarbericht
12702814;Applied Logic Series
12702815;Topics in Computer Mathematics
12702816;Emergence, Complexity and Computation
12702817;Automated Reasoning Series
12702818;Texts in Logic and Games
12702819;Studies in Quantitative Linguistics
12702820;Menha Linguistics Series
12702821;NATO Security through Science Series D: Information and Communication Security
12702822;Discrete Mathematics and Theoretical Computer Science
12702823;Computing & Philosophy
12702824;Proceedings in Informatics
12702825;Informatik-Bericht
12702826;Algorithms for Intelligent Systems
12702827;Notes on Numerical Fluid Mechanics
12702828;Forschungsergebnisse zur Informatik
12702829;Molecular Modeling and Simulation
12702830;KIT Scientific Reports
12702831;CISM International Centre for Mechanical Sciences - Courses and Lectures
12702832;IFAC Proceedings Volumes
12702833;IFAC-PapersOnline
12702834;Beiträge zur Graphischen Datenverarbeitung
12702835;Australian Computer Science Communications
12702836;BCS Conference Series
12702837;NIST Special Publication
12702838;Technical Report Computer Science
12702839;CTIT Workshop Proceedings Series
12702840;Springer Proceedings in Mathematics and Statistics
12702841;IFAC-PapersOnLine
12702842;Ulmer Informatik-Berichte
12702843;INFSYS Research Report
12702844;Synthese Library
12702845;The Cambridge Series on Electronic Publishing
12702846;Lecture Notes in Educational Technology
12702847;Lecture Notes in Medical Informatics
12702848;Publications on Geodesy
12702849;TU Berlin, Fachbereich 13, Informatik, Bericht
12702850;CSE Technical Reports
12702851;IBaI Report
12702852;Trends in Functional Programming
12702853;Springer Proceedings in Complexity
12702854;DIMACS Series in Discrete Mathematics and Theoretical Computer Science
12702855;John von Neumann Institute for Computing Series
12702856;Advanced Database Research and Development Series
12702857;AAAI Workshops
12702858;Collection Didactique
12702859;Studia Informatica Universalis
12702860;Linköping Electronic Articles in Computer and Information Science
12702861;Scientific series of the ÖGAI
12702862;Bochumer Linguistische Arbeitsberichte
12702863;Studies in Logic
12702864;AFIPS Conference Proceedings
12702865;Eurographics
12702866;Nato Advanced Study Institutes Series
12702867;NATO ASI Series F: Computing and Systems Sciences
12702868;Focus on Computer Graphics
12702869;Series Bigre
12702870;Report de recerca
12702871;VDE-Fachbericht
12702872;Datalogiske Skrifter
12702873;Foundations of Genetic Algorithms
12702874;Arbeitspapiere der GMD
12702875;SEKI Working Paper
12702876;International Congress Series
12702877;Department of Computing Technical Report
12702878;Konstanzer Schriften in Mathematik und Informatik
12702879;Fachbereich Informatik
12702880;Preprints aus dem Institut für Informatik
12702881;Berichte
12702882;Informatik-Berichte TU Braunschweig
12702883;Universität Magdeburg, Forschungsbericht
12702884;Jeaner Schriften zur Mathematik und Informatik
12702885;Advances in Bioinformatics and Computational Biology
12702886;GMM-Fachbericht
12702887;Springer Proceedings in Mathematics & Statistics
12702888;Mathematical Research
12702889;EPiC Series
12702890;Schriftenreihe der Österreichischen Computer-Gesellschaft
12702891;Fakultät für Informatik Preprint
12702892;ACL Anthology
12702893;VDI-Berichte
12702894;Commentarii informaticae didacticae
12702895;Findings of ACL
12702896;NASA Conference Proceedings
12702897;Proceedings of the International Neural Networks Society
12702898;Lecture Notes in Information Systems and Organisation
12702899;Texts in Algorithmics
12702900;International Series in Intelligent Technologies
12702901;Concurrent Systems Engineering Series
12702902;Advances in Transdisciplinary Engineering
12702903;Proiceedings of the I-ESA Conferences
12702904;Proceedings of the I-ESA Conferences
12702905;Operations Research Proceedings
12702906;Lecture Notes in Operations Research
12702907;ACM International Conference Proceedings Series
12702908;Lero Technical Report
12702909;ICB Research Report
12702910;ICB-Research Report
12702911;Atlantis Studies in Uncertainty Modelling
12702912;Proc. Assoc. Inf. Sci. Technol.
12702913;Research Reports Esprit
12702914;Studientexte zur Sprachkommunikation
12702915;Electronic Workshops in Computing
12702916;World Scientific Proceedings Series on Computer Engineering and Informtion Science
12702917;DFKI Documents
12702918;AAAI Fall Symposium Series
12702919;URA-CNRS
12702920;Proceedings in Adaptation, Learning and Optimization
12702921;Berichte aus der Umweltinformatik
12702922;Advances in Data Base Theory
12702923;CRM Proceedings and Lecture Notes
12702924;Learning and Analytics in Intelligent Systems
12702925;BRICS Notes Series
12702926;The IBM Research Symposia Series
12702927;Language and Computers - Studies in Practical Linguistics
12702928;Antwerp papers in linguistics
12702929;MDPI Proceedings
12702930;CIM Series in Mathematical Sciences
12702931;Veröffentlichungen der Universitäsbibliothek Essen
12702932;SEA-Publications
12702933;Mathematical Centre Tracts
12702934;Edition Versal
12702935;Schriften zur Wirtschaftsinformatik
12702936;Xpert.Press
12702937;Berichte aus der Kommunikationstechnik
12702938;Bildwissenschaft
12702939;Studien zur Mustererkennung
12702940;Dissertations in artificial intelligence
12702941;BRICS Dissertation Series
