:ID;journal:string
12649647;meltdownattack.com
12649648;GTE Laboratories Incorporated
12649649;University of California at Berkeley
12649650;ANSI X3H2
12649651;ANSI X2H2
12649652;IWBS Report
12649653;LILOG-Report
12649654;LILOG-Memo
12649655;IBM Publication
12649656;Research Report / RJ / IBM / San Jose, California
12649657;Research Report / G / IBM / Cambridge Scientific Center
12649658;Universität Trier, Mathematik/Informatik, Forschungsbericht
12649659;Technical Report
12649660;Digital System Research Center Report
12649661;Compulog Newsletter
12649662;Hydrology and Earth System Sciences
12649663;Technical Rep. UKSC 0060, IBM United Kingdom Scientific Centre
12649664;ETH Zurich, Department of Computer Science / Technical Report
12649665;Sci. Eng. Ethics
12649666;J. Econ. Theory
12649667;Web Intell. Agent Syst.
12649668;Web Intell.
12649669;IEEE Trans. Hum. Mach. Syst.
12649670;Comput. Chem. Eng.
12649671;IEEE Control. Syst. Lett.
12649672;Inf. Knowl. Syst. Manag.
12649673;Internet Math.
12649674;Int. J. Web Inf. Syst.
12649675;Manag. Sci.
12649676;Simul.
12649677;Rev. Iberoam. de Tecnol. del Aprendiz.
12649678;Dyn. Games Appl.
12649679;Bus. Inf. Syst. Eng.
12649680;Int. J. Adapt. Resilient Auton. Syst.
12649681;J. Sci. Res.
12649682;J. Braz. Comput. Soc.
12649683;J. Appl. Comput. Topol.
12649684;Reliab. Comput.
12649685;Int. J. Intell. Syst. Technol. Appl.
12649686;Frontiers Blockchain
12649687;Int. J. Secur. Softw. Eng.
12649688;Des. Autom. Embed. Syst.
12649689;Comput. Phys. Commun.
12649690;Open J. Big Data
12649691;Decis. Support Syst.
12649692;Intell. Serv. Robotics
12649693;Rev. Avances en Sistemas Informática
12649694;Proc. ACM Meas. Anal. Comput. Syst.
12649695;IEEE Trans. Veh. Technol.
12649696;J. Assoc. Inf. Sci. Technol.
12649697;J. Am. Soc. Inf. Sci.
12649698;JASIS
12649699;Proc. ACM Program. Lang.
12649700;Comput. Math. Methods
12649701;ACM SIGLOG News
12649702;Soc. Choice Welf.
12649703;Risk Decis. Anal.
12649704;CLEI Electron. J.
12649705;SIGARCH Comput. Archit. News
12649706;J. Embed. Comput.
12649707;Technometrics
12649708;Big Data Res.
12649709;Neural Comput. Appl.
12649710;Electron. Notes Discret. Math.
12649711;J. Exp. Theor. Artif. Intell.
12649712;Inteligencia Artif.
12649713;Int. J. Concept. Struct. Smart Appl.
12649714;Trans. Comput. Collect. Intell.
12649715;J. Inf. Secur. Appl.
12649716;Inf. Secur. Tech. Rep.
12649717;Int. J. Softw. Innov.
12649718;Fundam. Informaticae
12649719;Fundam. Inform.
12649720;Expert Syst. Appl.
12649721;J. Nonlinear Sci.
12649722;Int. J. Comput. Sci. Eng.
12649723;BioData Min.
12649724;IEEE Trans. Prof. Commun.
12649725;Adv. Softw. Eng.
12649726;Int. J. Inf. Syst. Serv. Sect.
12649727;J. Inf. Hiding Multim. Signal Process.
12649728;J. Geogr. Syst.
12649729;IEEE Trans. Multi Scale Comput. Syst.
12649730;Int. J. Commun. Syst.
12649731;Int. J. Autom. Control.
12649732;Int. J. Cyber Phys. Syst.
12649733;Discret. Event Dyn. Syst.
12649734;Turkish J. Electr. Eng. Comput. Sci.
12649735;J. Comb. Theory, Ser. B
12649736;OMICS
12649737;Knowl. Eng. Data Sci.
12649738;Chic. J. Theor. Comput. Sci.
12649739;Int. J. Adv. Comp. Techn.
12649740;Int. J. Mob. Commun.
12649741;IPSJ Trans. Syst. LSI Des. Methodol.
12649742;Electron. J. Comb.
12649743;Int. J. Handheld Comput. Res.
12649744;IJHCR
12649745;Graph. Vis. Comput.
12649746;Comput. Graph. X
12649747;Asia Pac. J. Oper. Res.
12649748;Artif. Life
12649749;Real Time Imaging
12649750;IEEE Trans. Ind. Electron.
12649751;Open Syst. Inf. Dyn.
12649752;Digit. Investig.
12649753;Electron. Commer. Res.
12649754;Comput. Syst.
12649755;ACM Trans. Asian Lang. Inf. Process.
12649756;ACM Trans. Asian Low Resour. Lang. Inf. Process.
12649757;Datenbank-Spektrum
12649758;Linguamática
12649759;AI Matters
12649760;Cogn. Comput. Syst.
12649761;IET Inf. Secur.
12649762;Rev. d'Intelligence Artif.
12649763;Robotics Comput. Integr. Manuf.
12649764;Scand. J. Inf. Syst.
12649765;Int. J. Appl. Math. Comput. Sci.
12649766;J. Intell. Fuzzy Syst.
12649767;IEEE J. Solid State Circuits
12649768;ACM Trans. Multim. Comput. Commun. Appl.
12649769;Adv. Math. Commun.
12649770;ACM Journal on Computing and Cultural Heritage
12649771;Internet Things
12649772;Adv. Comput. Res.
12649773;IEEE Comput. Archit. Lett.
12649774;Online Inf. Rev.
12649775;Int. J. Comput. Sci. Sport
12649776;J. Data Semant.
12649777;Int. J. Cooperative Inf. Syst.
12649778;SN Comput. Sci.
12649779;Int. J. Interact. Commun. Syst. Technol.
12649780;Polibits
12649781;POLIBITS
12649782;WIREs Data Mining Knowl. Discov.
12649783;J. Internet Serv. Appl.
12649784;Adv. Artif. Intell. Mach. Learn.
12649785;J. Log. Algebraic Methods Program.
12649786;J. Log. Program.
12649787;J. Semant.
12649788;Networks Heterog. Media
12649789;J. Convergence Inf. Technol.
12649790;ACM Trans. Access. Comput.
12649791;Int. J. E Health Medical Commun.
12649792;ACM Trans. Spatial Algorithms Syst.
12649793;Gov. Inf. Q.
12649794;IEEE Trans. Medical Imaging
12649795;Hypermedia
12649796;J. Num. Math.
12649797;D Lib Mag.
12649798;IEEE Data Eng. Bull.
12649799;IEEE Database Eng. Bull.
12649800;Ann. Oper. Res.
12649801;Intell. Syst. Account. Finance Manag.
12649802;Int. J. Sens. Networks
12649803;Netw. Commun. Technol.
12649804;GetMobile Mob. Comput. Commun.
12649805;ACM SIGMOBILE Mob. Comput. Commun. Rev.
12649806;J. Robotics
12649807;J. Biomed. Semant.
12649808;Int. J. Grid Util. Comput.
12649809;Int. J. Inf. Sec.
12649810;Int. J. Knowl. Discov. Bioinform.
12649811;Int. J. Appl. Cryptogr.
12649812;Inf. Vis.
12649813;Int. J. E Adopt.
12649814;IET Softw.
12649815;Softw. Eng. J.
12649816;IEE Proc. Softw.
12649817;IEE Proc. Softw. Eng.
12649818;Comput. Electron. Agric.
12649819;Cryptologia
12649820;Mach. Learn. Knowl. Extr.
12649821;J. Mach. Learn. Res.
12649822;Int. J. Appl. Pattern Recognit.
12649823;J. Digit. Forensic Pract.
12649824;Int. J. Inf. Syst. Soc. Chang.
12649825;Frontiers Appl. Math. Stat.
12649826;Compositionality
12649827;IEEE Trans. Emerg. Top. Comput. Intell.
12649828;Int. J. Creative Comput.
12649829;J. Inf. Technol. Theory Appl.
12649830;Int. J. Game Based Learn.
12649831;Int. J. Prod. Res.
12649832;Algorithmic Oper. Res.
12649833;Photonic Netw. Commun.
12649834;Veh. Commun.
12649835;J. Quantum Inf. Sci.
12649836;Trait. Autom. des Langues
12649837;Int. J. Algebra Comput.
12649838;Int. J. Intell. Sci.
12649839;J. Integr. Des. Process. Sci.
12649840;Trans. SDPS
12649841;Int. J. Online Mark.
12649842;IEEE Comput. Intell. Mag.
12649843;ACM SIGPLAN Notices
12649844;Auton. Robots
12649845;Int. J. Internet Protoc. Technol.
12649846;Int. J. Chemoinformatics Chem. Eng.
12649847;Int. J. Multim. Intell. Secur.
12649848;IEEE Internet Comput.
12649849;J. Innov. Digit. Ecosyst.
12649850;ISPRS Int. J. Geo Inf.
12649851;Technol. Knowl. Learn.
12649852;Int. J. Comput. Math. Learn.
12649853;Ad Hoc Sens. Wirel. Networks
12649854;Pers. Ubiquitous Comput.
12649855;IEEE Geosci. Remote. Sens. Lett.
12649856;Ind. Robot
12649857;Int. J. ICT Res. Afr. Middle East
12649858;J. Inf. Sci. Eng.
12649859;Ann. UMCS Informatica
12649860;Optim. Methods Softw.
12649861;IEEE Trans. Evol. Comput.
12649862;eLearn Mag.
12649863;EAI Endorsed Trans. Wirel. Spectr.
12649864;Frontiers Virtual Real.
12649865;GeoInformatica
12649866;Adv. Complex Syst.
12649867;Trans. Edutainment
12649868;Trans. Pattern Lang. Program.
12649869;Intell. Decis. Technol.
12649870;Found. Trends Commun. Inf. Theory
12649871;J. Priv. Confidentiality
12649872;Entertain. Comput.
12649873;Netw. Secur.
12649874;J. Intell. Robotic Syst.
12649875;J. Comput. Inf. Syst.
12649876;IMA J. Math. Control. Inf.
12649877;Acta Cybern.
12649878;Future Internet
12649879;ACM Trans. Priv. Secur.
12649880;ACM Trans. Inf. Syst. Secur.
12649881;J. Sens. Technol.
12649882;Space Commun.
12649883;Int. J. Sociotechnology Knowl. Dev.
12649884;Int. J. Cloud Appl. Comput.
12649885;Semantic Web
12649886;Synth.
12649887;J. Cloud Comput.
12649888;IFAC J. Syst. Control.
12649889;Adv. Comput.
12649890;Unmanned Syst.
12649891;Comput. Inf. Sci.
12649892;Order
12649893;IET Biom.
12649894;J. Virtual Real. Broadcast.
12649895;Dialogue Discourse
12649896;ACM Trans. Math. Softw.
12649897;Kybernetika
12649898;Appl. Artif. Intell.
12649899;Int. J. Inf. Qual.
12649900;ACM Trans. Reconfigurable Technol. Syst.
12649901;Public Libr. Q.
12649902;SIAM J. Optim.
12649903;Smart Learn. Environ.
12649904;Int. J. Intell. Games Simul.
12649905;INFORMS J. Comput.
12649906;Electron. Gov. an Int. J.
12649907;IEEE Commun. Stand. Mag.
12649908;IEEE Cloud Comput.
12649909;Remote. Sens.
12649910;EAI Endorsed Trans. e Learn.
12649911;Inform. Forsch. Entwickl.
12649912;Comput. Sci. Res. Dev.
12649913;SICS Softw.-Intensive Cyber Phys. Syst.
12649914;Complex Adapt. Syst. Model.
12649915;Inf. Secur. J. A Glob. Perspect.
12649916;Int. J. Emerg. Technol. Learn.
12649917;Int. J. Netw. Manag.
12649918;Found. Trends Stoch. Syst.
12649919;Int. J. Comput. Math.
12649920;Found. Trends Netw.
12649921;J. Electronic Imaging
12649922;Found. Trends Electron. Des. Autom.
12649923;Cryptogr.
12649924;Electron. Mark.
12649925;Frontiers Robotics AI
12649926;Electron. Notes Theor. Comput. Sci.
12649927;Softw. Microsystems
12649928;Secur. Informatics
12649929;Int. J. Comput. Support. Collab. Learn.
12649930;Finite Fields Their Appl.
12649931;VLSI Design
12649932;Am. J. Comput. Math.
12649933;Int. J. Comput. Simul.
12649934;Inf. Process. Lett.
12649935;Comput. Informatics
12649936;Comput. Artif. Intell.
12649937;Computers and Artificial Intelligence
12649938;Neuroinformatics
12649939;Concurr. Comput. Pract. Exp.
12649940;Concurr. Pract. Exp.
12649941;Auton. Intell. Syst.
12649942;IEEE Trans. Mob. Comput.
12649943;Int. J. Energy Optim. Eng.
12649944;J. Intell. Transp. Syst.
12649945;Int. J. Virtual Real.
12649946;EAI Endorsed Trans. Energy Web
12649947;J. Geogr. Inf. Syst.
12649948;Math. Program. Comput.
12649949;Int. J. Inf. Priv. Secur. Integr.
12649950;J. Vis. Commun. Image Represent.
12649951;R J.
12649952;Balt. J. Mod. Comput.
12649953;Int. J. Agent Oriented Softw. Eng.
12649954;Distributed Syst. Eng.
12649955;Int. J. Wirel. Inf. Networks
12649956;J. ICT Stand.
12649957;RAIRO Oper. Res.
12649958;Stat. Comput.
12649959;Discuss. Math. Graph Theory
12649960;Int. J. Law Inf. Technol.
12649961;Int. J. People Oriented Program.
12649962;Central Eur. J. Oper. Res.
12649963;J. Symb. Log.
12649964;ACM Trans. Knowl. Discov. Data
12649965;Knowl. Eng. Rev.
12649966;ACM Stand.
12649967;Frontiers Digit. Humanit.
12649968;Image Vis. Comput.
12649969;J. Inf. Process.
12649970;Signal Process.
12649971;J. Multimodal User Interfaces
12649972;HMD Prax. Wirtsch.
12649973;Health Informatics J.
12649974;OOPS Messenger
12649975;Traitement du Signal
12649976;Found. Trends Databases
12649977;Monde des Util. Anal. Données
12649978;IEEE Trans. Reliab.
12649979;Int. J. Fog Comput.
12649980;ACM Trans. Internet Things
12649981;Int. J. Netw. Secur.
12649982;ISC Int. J. Inf. Secur.
12649983;Wasserwirtsch.
12649984;Prague Bull. Math. Linguistics
12649985;InnovaInt. J. Actor Netw. Theory Technol. Innov.
12649986;Int. J. Organ. Collect. Intell.
12649987;Int. J. ICT Res. Dev. Afr.
12649988;Frontiers Inf. Technol. Electron. Eng.
12649989;J. Zhejiang Univ. Sci. C
12649990;Tiny Trans. Comput. Sci.
12649991;PsychNology J.
12649992;Int. J. Web Appl.
12649993;Int. J. Appl. Geospat. Res.
12649994;IET Wirel. Sens. Syst.
12649995;Int. J. Art Cult. Des. Technol.
12649996;Parallel Process. Lett.
12649997;Int. J. Online Pedagog. Course Des.
12649998;Int. J. Manuf. Res.
12649999;Trans. High Perform. Embed. Archit. Compil.
12650000;Empir. Softw. Eng.
12650001;J. Object Technol.
12650002;Int. J. Intell. Syst.
12650003;Int. J. E Entrepreneurship Innov.
12650004;J. Math. Model. Algorithms Oper. Res.
12650005;J. Math. Model. Algorithms
12650006;EURO J. Comput. Optim.
12650007;Int. J. Artif. Intell. Educ.
12650008;ACM Trans. Comput. Log.
12650009;Phonetica
12650010;Int. J. Interact. Mob. Technol.
12650011;Comput. Optim. Appl.
12650012;EAI Endorsed Trans. Complex Syst.
12650013;Signal Image Video Process.
12650014;Data Min. Knowl. Discov.
12650015;Commun. Inf. Syst.
12650016;Auton. Agents Multi Agent Syst.
12650017;Multidimens. Syst. Signal Process.
12650018;Open J. Internet Things
12650019;IET Blockchain
12650020;Int. J. Model. Simul. Sci. Comput.
12650021;J. Clin. Bioinform.
12650022;Inf. Res.
12650023;J. Comput. Inf. Technol.
12650024;Int. J. Cogn. Informatics Nat. Intell.
12650025;Comput. Educ. Artif. Intell.
12650026;SIAM J. Numer. Anal.
12650027;Brain Connect.
12650028;Wirtschaftsinformatik Manag.
12650029;IEEE Embed. Syst. Lett.
12650030;Cogn. Comput.
12650031;IEEE Micro
12650032;Math. Morphol. Theory Appl.
12650033;Dagstuhl Artifacts Ser.
12650034;J. Multiple Valued Log. Soft Comput.
12650035;Int. J. Technol. Hum. Interact.
12650036;IEEE Trans. Wirel. Commun.
12650037;J. Quant. Linguistics
12650038;ACM J. Data Inf. Qual.
12650039;J. Cyber Secur. Mobil.
12650040;Kybernetes
12650041;Evol. Comput.
12650042;Adv. Decis. Sci.
12650043;Softw. Syst. Model.
12650044;IEEE Trans. Serv. Comput.
12650045;Int. J. Knowl. Manag.
12650046;Int. J. Signs Semiot. Syst.
12650047;Complex Syst.
12650048;Intell. Autom. Soft Comput.
12650049;Int. J. Inf. Technol. Web Eng.
12650050;IEEE Open J. Commun. Soc.
12650051;Comput. Networks
12650052;Comput. Networks ISDN Syst.
12650053;Math. Control. Signals Syst.
12650054;Genom. Proteom. Bioinform.
12650055;IEEE Trans. Mol. Biol. Multi Scale Commun.
12650056;Softwaretechnik-Trends
12650057;Found. Comput. Math.
12650058;Electron. Trans. Artif. Intell.
12650059;Inf. Sci.
12650060;Pattern Recognit.
12650061;RITA
12650062;Künstliche Intell.
12650063;Integr.
12650064;Adv. Fuzzy Syst.
12650065;AI Commun.
12650066;World Wide Web
12650067;Open J. Cloud Comput.
12650068;Top. Cogn. Sci.
12650069;Softw. Focus
12650070;J. Stat. Theory Appl.
12650071;Math. Struct. Comput. Sci.
12650072;Frontiers ICT
12650073;Numer. Linear Algebra Appl.
12650074;Frontiers Comput. Neurosci.
12650075;IET Image Process.
12650076;Comput. Methods Appl. Math.
12650077;Datenbank Rundbr.
12650078;GI Datenbank Rundbrief
12650079;Datenbank Rundbrief
12650080;Int. J. Reconfigurable Comput.
12650081;Syst. Eng.
12650082;Int. J. Cyber Situational Aware.
12650083;IEEE Commun. Mag.
12650084;Image Process. Line
12650085;Iran J. Comput. Sci.
12650086;IEEE Trans. Cloud Comput.
12650087;Appl. Comput. Syst.
12650088;Proc. Priv. Enhancing Technol.
12650089;Int. J. Inf. Secur. Priv.
12650090;Grey Syst. Theory Appl.
12650091;Int. J. Autom. Comput.
12650092;World Digit. Libr.
12650093;J. Cogn. Neurosci.
12650094;Int. J. Pattern Recognit. Artif. Intell.
12650095;Inroads
12650096;Oper. Res.
12650097;Appl. Ontology
12650098;Int. J. Comput. Sci. Math.
12650099;IEEE Trans. Aerosp. Electron. Syst.
12650100;ACM Commun. Comput. Algebra
12650101;SIGSAM Bull.
12650102;Algorithms Mol. Biol.
12650103;Comb. Probab. Comput.
12650104;Multiagent Grid Syst.
12650105;Comput. Stat. Data Anal.
12650106;J. Ambient Intell. Humaniz. Comput.
12650107;J. Commun.
12650108;J. Comput. Inf. Sci. Eng.
12650109;Adv. Eng. Softw.
12650110;Trans. Large Scale Data Knowl. Centered Syst.
12650111;SIGHIT Rec.
12650112;SoftwareX
12650113;Egypt. Comput. Sci. J.
12650114;Int. J. Web Portals
12650115;IEEE Access
12650116;EURASIP J. Audio Speech Music. Process.
12650117;Int. J. Inf. Manag.
12650118;J. Sensors
12650119;Comput. Support. Cooperative Work.
12650120;Frontiers Res. Metrics Anal.
12650121;J. Educ. Technol. Soc.
12650122;Expert Syst. Appl. X
12650123;J. Int. Comput. Games Assoc.
12650124;Multim. Syst.
12650125;Evol. Intell.
12650126;IT Prof.
12650127;J. Comput. Neurosci.
12650128;IEEE Internet Things J.
12650129;Obj. Logiciel Base données Réseaux
12650130;Formaliz. Math.
12650131;Requir. Eng.
12650132;Int. J. Adv. Media Commun.
12650133;Univers. Access Inf. Soc.
12650134;New Gener. Comput.
12650135;JSIAM Lett.
12650136;Int. J. Strateg. Inf. Technol. Appl.
12650137;Comput. Oper. Res.
12650138;Found. Trends Microeconomics
12650139;Found. Trends Robotics
12650140;Int. J. Serv. Sci. Manag. Eng. Technol.
12650141;Autom.
12650142;Ann. GIS
12650143;J. Comput. Sci. Technol.
12650144;IEEE Trans. Very Large Scale Integr. Syst.
12650145;Int. J. Intell. Def. Support Syst.
12650146;J. Supercomput.
12650147;IEEE Concurr.
12650148;IEEE Parallel Distributed Technol. Syst. Appl.
12650149;IEEE Concurrency
12650150;Monte Carlo Methods Appl.
12650151;Comput. Humanit.
12650152;Lang. Resour. Evaluation
12650153;Int. J. High Perform. Syst. Archit.
12650154;IEEE Trans. Instrum. Meas.
12650155;Libr. Hi Tech
12650156;Ad Hoc Networks
12650157;Int. J. Comput. Intell. Stud.
12650158;J. Ambient Intell. Smart Environ.
12650159;Data Sci.
12650160;IEEE Trans. Learn. Technol.
12650161;Int. J. Inf. Process. Manag.
12650162;J. Softw. Eng. Appl.
12650163;Technol. Anal. Strateg. Manag.
12650164;J. Inf. Data Manag.
12650165;Qual. Reliab. Eng. Int.
12650166;Elektrotech. Informationstechnik
12650167;Interactions
12650168;FLAP
12650169;J. Multim.
12650170;Int. J. Digit. Curation
12650171;Math. Comput. Simul.
12650172;J. Comput. Chem.
12650173;Int. J. Uncertain. Fuzziness Knowl. Based Syst.
12650174;Neural Process. Lett.
12650175;Int. J. Syst. Softw. Secur. Prot.
12650176;J. Softw.
12650177;Int. J. Comput. Games Technol.
12650178;Dagstuhl Reports
12650179;Proc. ACM Hum. Comput. Interact.
12650180;Discret. Math. Theor. Comput. Sci.
12650181;Int. J. Recent Contributions Eng. Sci. IT
12650182;Int. J. Trust. Manag. Comput. Commun.
12650183;Found. Trends Signal Process.
12650184;Simul. Notes Eur.
12650185;Comput. Sci. Inf. Syst.
12650186;ACM Trans. Economics and Comput.
12650187;Pattern Recognit. Lett.
12650188;J. Lang. Model.
12650189;SIAM J. Appl. Dyn. Syst.
12650190;Paladyn J. Behav. Robotics
12650191;Astron. Comput.
12650192;Int. J. Inf. Coding Theory
12650193;Int. J. Wirel. Mob. Comput.
12650194;BMC Genom.
12650195;Int. J. Web Serv. Res.
12650196;LNCS Trans. Found. Mastering Chang.
12650197;Trans. Int. Soc. Music. Inf. Retr.
12650198;Comput. Complex.
12650199;J. Hardw. Syst. Secur.
12650200;Real Time Syst.
12650201;Int. J. Auton. Comput.
12650202;Struct. Program.
12650203;Softw. Concepts Tools
12650204;IEEE Trans. Ind. Informatics
12650205;Int. J. Child Comput. Interact.
12650206;Expert Syst. J. Knowl. Eng.
12650207;Cryptogr. Commun.
12650208;Adv. Artif. Intell.
12650209;ACM Trans. Algorithms
12650210;Adv. Oper. Res.
12650211;J. Oper. Res. Soc.
12650212;Games Cult.
12650213;Comput. Aided Geom. Des.
12650214;J. Cryptogr. Eng.
12650215;Integers
12650216;J. Classif.
12650217;Adv. Appl. Math.
12650218;Int. J. Distributed Syst. Technol.
12650219;Int. J. Electron. Secur. Digit. Forensics
12650220;Aslib Proc.
12650221;Aslib J. Inf. Manag.
12650222;Syst.
12650223;Comput. Math. Organ. Theory
12650224;J. Inf. Technol. Educ. Innov. Pract.
12650225;AI Soc.
12650226;Computerworld
12650227;Int. J. Bus. Inf. Syst.
12650228;Biosyst.
12650229;Int. J. Arts Technol.
12650230;BIT
12650231;Comput. Commun.
12650232;Int. J. Embed. Syst.
12650233;IEEE Ann. Hist. Comput.
12650234;Data Sci. Eng.
12650235;Multim. Tools Appl.
12650236;Adv. Numer. Anal.
12650237;Trans. Comp. Sys. Biology
12650238;Grammars
12650239;IEEE ACM Trans. Comput. Biol. Bioinform.
12650240;ACM SIGCHI Bull.
12650241;Res. Comput. Sci.
12650242;J. Theor. Appl. Electron. Commer. Res.
12650243;ACM SIGSPATIAL Special
12650244;Int. J. Spatial Data Infrastructures Res.
12650245;Organ. Sci.
12650246;Comput. Softw. Big Sci.
12650247;IEEE Trans. Comput. Soc. Syst.
12650248;J. Complex Networks
12650249;Appl. Categorical Struct.
12650250;EAI Endorsed Trans. Pervasive Health Technol.
12650251;Comput. Medical Imaging Graph.
12650252;Quant. Biol.
12650253;J. Digit. Content Technol. its Appl.
12650254;J. Cryptol.
12650255;IEEE Trans. Emerg. Top. Comput.
12650256;ERCIM News
12650257;J. Comput. Sci.
12650258;J. Intell. Inf. Syst.
12650259;Int. J. e Collab.
12650260;Appl. Algebra Eng. Commun. Comput.
12650261;IEEE Open J. Comput. Soc.
12650262;Int. J. Digit. Libr.
12650263;Big Data Min. Anal.
12650264;Int. J. Virtual Communities Soc. Netw.
12650265;Informatics Educ.
12650266;Int. J. Comput. Process. Orient. Lang.
12650267;Reliab. Eng. Syst. Saf.
12650268;Int. J. Crit. Infrastructure Prot.
12650269;J. Signal Inf. Process.
12650270;Int. J. Wavelets Multiresolution Inf. Process.
12650271;Rev. Int. Géomatique
12650272;Int. J. Embed. Real Time Commun. Syst.
12650273;ACM Trans. Comput. Syst.
12650274;Appl. Math. Comput.
12650275;Decis. Anal.
12650276;Int. J. Comput. Vis. Robotics
12650277;Int. J. Unconv. Comput.
12650278;Inf. Syst. E Bus. Manag.
12650279;Speech Commun.
12650280;Speech Communication
12650281;Int. J. Intell. Inf. Technol.
12650282;Theory Comput.
12650283;Int. J. Semantic Web Inf. Syst.
12650284;SIGBED Rev.
12650285;OR Spectr.
12650286;IEICE Trans. Commun.
12650287;J. Adv. Eng. Comput.
12650288;Cogn. Technol. Work.
12650289;J. Biomed. Informatics X
12650290;IEICE Trans. Inf. Syst.
12650291;IEICE Trans. Fundam. Electron. Commun. Comput. Sci.
12650292;IEICE Trans. Electron.
12650293;Int. J. Syst. Dyn. Appl.
12650294;EURASIP J. Embed. Syst.
12650295;J. Interconnect. Networks
12650296;Int. J. Appl. Evol. Comput.
12650297;Int. J. Bus. Data Commun. Netw.
12650298;Circuits Syst. Signal Process.
12650299;Medical Image Anal.
12650300;Argument Comput.
12650301;Int. Trans. Oper. Res.
12650302;J. Univers. Comput. Sci.
12650303;Annu. Rev. Inf. Sci. Technol.
12650304;J. Intell. Learn. Syst. Appl.
12650305;J. Comput. Aided Mol. Des.
12650306;J. Integer Seq.
12650307;BMC Bioinform.
12650308;J. Comput. Networks Commun.
12650309;Int. J. Perform. Eng.
12650310;Math. Comput. For. Nat. Resour. Sci.
12650311;J. Reliab. Intell. Environ.
12650312;Datenschutz und Datensicherheit
12650313;Bull. ICA
12650314;Digit. Creativity
12650315;Intell. Tutoring Media
12650316;Eng. Lett.
12650317;Int. J. Aviat. Technol. Eng. Manag.
12650318;IBM J. Res. Dev.
12650319;IET Circuits Devices Syst.
12650320;Optim. Lett.
12650321;Int. J. Electron. Gov. Res.
12650322;Int. J. Open Source Softw. Process.
12650323;Inf. Technol. Dev.
12650324;J. Strateg. Inf. Syst.
12650325;Open J. Web Technol.
12650326;Array
12650327;J. Robotics Mechatronics
12650328;Distributed Comput.
12650329;Rev. Socionetwork Strateg.
12650330;Proc. ACM Interact. Mob. Wearable Ubiquitous Technol.
12650331;ACM Trans. Web
12650332;Axioms
12650333;Intelligenza Artificiale
12650334;Int. J. Adult Vocat. Educ. Technol.
12650335;IISE Trans.
12650336;Int. J. Meas. Technol. Instrum. Eng.
12650337;IEEE Trans. Cogn. Commun. Netw.
12650338;Neural Parallel Sci. Comput.
12650339;IEEE Trans. Geosci. Remote. Sens.
12650340;IET Comput. Digit. Tech.
12650341;IEEE Trans. Netw. Sci. Eng.
12650342;Int. J. Approx. Reason.
12650343;Frontiers Bioinform.
12650344;Tech. Sci. Informatiques
12650345;Int. J. Adv. Oper. Manag.
12650346;Trans. Mach. Learn. Data Min.
12650347;Found. Trends Syst. Control.
12650348;Adv. Hum. Comput. Interact.
12650349;Symmetry
12650350;Hum. Comput. Interact.
12650351;SIAM J. Sci. Comput.
12650352;Comput. Graph.
12650353;Int. J. Cloud Comput.
12650354;Int. J. Control
12650355;IMPACT Comput. Sci. Eng.
12650356;Int. J. Gaming Comput. Mediat. Simulations
12650357;SIAM J. Discret. Math.
12650358;Adv. Robotics
12650359;J. Wirel. Mob. Networks Ubiquitous Comput. Dependable Appl.
12650360;Eur. J. Control
12650361;SIGMETRICS Perform. Evaluation Rev.
12650362;Mach. Transl.
12650363;Trans. Data Sci.
12650364;NeuroImage
12650365;Int. J. Knowl. Eng. Soft Data Paradigms
12650366;Int. J. Comput. Syst. Signals
12650367;Found. Trends Web Sci.
12650368;Pac. Asia J. Assoc. Inf. Syst.
12650369;Rundbr. GI Fachgr. 5 10 Informationssystem Archit.
12650370;Acta Informatica
12650371;Int. J. Adv. Intell. Paradigms
12650372;J. Graph Algorithms Appl.
12650373;J. Electron. Publ.
12650374;J. Frankl. Inst.
12650375;Autom. Softw. Eng.
12650376;IEEE Trans. Circuits Syst. I Regul. Pap.
12650377;Int. J. Humanit. Arts Comput.
12650378;J. Digit. Inf.
12650379;Dagstuhl Manifestos
12650380;SIGART Bull.
12650381;SIGART Newsl.
12650382;Intell.
12650383;Acta Numer.
12650384;J. Object Oriented Program.
12650385;Ann. Math. Artif. Intell.
12650386;Data
12650387;IEEE Robotics Autom. Lett.
12650388;J. Field Robotics
12650389;Int. J. Bioinform. Res. Appl.
12650390;IEEE Trans. Circuits Syst. II Express Briefs
12650391;Comput. Commun. Rev.
12650392;J. Softw. Maintenance Res. Pract.
12650393;J. Softw. Evol. Process.
12650394;SIAM J. Math. Anal.
12650395;Int. J. Inf. Syst. Supply Chain Manag.
12650396;CAAI Trans. Intell. Technol.
12650397;Int. J. Big Data Intell. Appl.
12650398;Queueing Syst. Theory Appl.
12650399;Int. J. Bifurc. Chaos
12650400;Electron. Commer. Res. Appl.
12650401;EURASIP J. Wirel. Commun. Netw.
12650402;Int. J. Nat. Comput. Res.
12650403;Comput. Ind.
12650404;Netw. Inf. Syst. J.
12650405;Int. J. Technol. Diffusion
12650406;IEEE Trans. Smart Grid
12650407;Int. J. High Perform. Comput. Appl.
12650408;EAI Endorsed Trans. Cloud Syst.
12650409;Int. J. Syst. Sci.
12650410;Scholarpedia
12650411;Comput. Geom.
12650412;Int. J. Inf. Syst. Chang. Manag.
12650413;IEEE Wirel. Commun. Lett.
12650414;ACM Trans. Comput. Hum. Interact.
12650415;SIGMOD Rec.
12650416;FDT Bull. ACM SIGFIDET SIGMOD
12650417;J. Instr. Level Parallelism
12650418;Frontiers Artif. Intell.
12650419;Appl. Comput. Intell. Soft Comput.
12650420;Int. J. Image Graph.
12650421;J. Am. Medical Informatics Assoc.
12650422;J. Electron. Commer. Res.
12650423;Int. J. Syst. Serv. Oriented Eng.
12650424;Discov. Internet Things
12650425;Informatics
12650426;Roars Trans.
12650427;Int. J. Knowl. Based Organ.
12650428;Formal Methods Syst. Des.
12650429;J. Multim. Inf. Syst.
12650430;IEEE/ACM Trans. Netw.
12650431;J. Control. Sci. Eng.
12650432;IEEE Signal Process. Lett.
12650433;Artif. Intell.
12650434;Internet Policy Rev.
12650435;IEEE Trans. Intell. Transp. Syst.
12650436;INFOR Inf. Syst. Oper. Res.
12650437;Brain Informatics
12650438;Artif. Intell. Medicine
12650439;Int. J. Innov. Digit. Econ.
12650440;Bull. Symb. Log.
12650441;MIS Q.
12650442;Int. J. Comput. Integr. Manuf.
12650443;Vis. Comput. Ind. Biomed. Art
12650444;Ethics Inf. Technol.
12650445;Bull. dInformatique Approfondie et Appl.
12650446;J. Spatial Inf. Sci.
12650447;Int. J. Digit. Multim. Broadcast.
12650448;Int. J. Comput. Commun. Control
12650449;Commun. Netw.
12650450;J. Chem. Inf. Comput. Sci.
12650451;J. Chem. Inf. Model.
12650452;IEEE Trans. Autom. Control.
12650453;Commun. Assoc. Inf. Syst.
12650454;CAIS
12650455;J. Real Time Image Process.
12650456;Integr. Comput. Aided Eng.
12650457;Comb.
12650458;J. Bank. Financial Technol.
12650459;Eng. Comput.
12650460;J. Soc. Comput.
12650461;PeerJ Comput. Sci.
12650462;Big Data
12650463;IEEE Trans. Cybern.
12650464;ACM SIGMOD Digit. Symp. Collect.
12650465;Int. J. Medical Informatics
12650466;Int. J. Appl. Logist.
12650467;Knowl. Inf. Syst.
12650468;SIAM J. Math. Data Sci.
12650469;Interact. Learn. Environ.
12650470;Algorithmic Finance
12650471;Int. J. Mob. Hum. Comput. Interact.
12650472;Math. Log. Q.
12650473;Behav. Inf. Technol.
12650474;Int. J. Parallel Program.
12650475;J. Commun. Networks
12650476;Int. J. Knowl. Syst. Sci.
12650477;Theory Biosci.
12650478;Wirel. Commun. Mob. Comput.
12650479;ACM J. Comput. Documentation
12650480;Commun. Stat. Simul. Comput.
12650481;CVGIP Image Underst.
12650482;Comput. Vis. Image Underst.
12650483;KSII Trans. Internet Inf. Syst.
12650484;J. Enterp. Inf. Manag.
12650485;Int. J. Space Based Situated Comput.
12650486;Int. J. Knowl. Web Intell.
12650487;Vis. Informatics
12650488;J. Comput. Phys.
12650489;Int. J. Comput. Sci. Appl.
12650490;Int. J. Hum. Cap. Inf. Technol. Prof.
12650491;Afr. J. Inf. Commun. Technol.
12650492;J. WSCG
12650493;Control. Cybern.
12650494;Found. Trends Comput. Graph. Vis.
12650495;Digit. Commun. Networks
12650496;Pervasive Mob. Comput.
12650497;Cogn. Sci.
12650498;Displays
12650499;First Monday
12650500;J. Autom. Lang. Comb.
12650501;Int. J. Comput. Vis. Image Process.
12650502;Neuromorph. Comput. Eng.
12650503;Telematics Informatics
12650504;Computer
12650505;Int. J. Comput. Assist. Lang. Learn. Teach.
12650506;INFORMS Trans. Educ.
12650507;Quantum Inf. Comput.
12650508;J. Intell. Syst.
12650509;Comput. Math. Appl.
12650510;IET Networks
12650511;IEEE Instrum. Meas. Mag.
12650512;Algorithmica
12650513;Int. J. Satell. Commun. Netw.
12650514;Atl. Mon.
12650515;Notre Dame J. Formal Log.
12650516;Int. J. Knowl. Eng. Data Min.
12650517;J. Inf. Process. Cybern.
12650518;J. Game Dev.
12650519;4OR
12650520;Eur. J. Comb.
12650521;Electron. J. Inf. Syst. Dev. Ctries.
12650522;Des. Codes Cryptogr.
12650523;Vietnam. J. Comput. Sci.
12650524;IEEE Trans. Computers
12650525;IEEE Trans. Electron. Comput.
12650526;IRE Trans. Electron. Comput.
12650527;Trans. I R E Prof. Group Electron. Comput.
12650528;LOG IN
12650529;SIGWEB Newsl.
12650530;Inf. Process. Manag.
12650531;Inf. Storage Retr.
12650532;EAI Endorsed Trans. Scalable Inf. Syst.
12650533;Artif. Intell. Rev.
12650534;IEEE J. Sel. Top. Signal Process.
12650535;J. Sel. Topics Signal Processing
12650536;J. Math. Log.
12650537;Lang. Linguistics Compass
12650538;J. Syst. Sci. Complex.
12650539;Wirel. Sens. Netw.
12650540;ACM SIGCSE Bull.
12650541;J. Vis. Lang. Sentient Syst.
12650542;J. Vis. Lang. Comput.
12650543;Theor. Comput. Sci.
12650544;NII Shonan Meet. Rep.
12650545;EURO J. Transp. Logist.
12650546;Comput. Lang. Syst. Struct.
12650547;Comput. Lang.
12650548;ACM SIGMOD Digit. Rev.
12650549;Int. J. IT Stand. Stand. Res.
12650550;IEEE Multim.
12650551;Comput. Electr. Eng.
12650552;ACM Trans. Speech Lang. Process.
12650553;Lit. Linguistic Comput.
12650554;Digit. Scholarsh. Humanit.
12650555;J. Philos. Log.
12650556;Int. J. Math. Math. Sci.
12650557;Comput. Math. Methods Medicine
12650558;World Wide Web J.
12650559;Int. J. Speech Technol.
12650560;ACM SIGSOFT Softw. Eng. Notes
12650561;Inf. Retr. J.
12650562;Inf. Retr.
12650563;Int. J. Funct. Informatics Pers. Medicine
12650564;IEEE Trans. Parallel Distributed Syst.
12650565;Oper. Res. Lett.
12650566;Enterp. Model. Inf. Syst. Archit. Int. J. Concept. Model.
12650567;Open J. Math. Optim.
12650568;J. Parallel Distributed Comput.
12650569;IEEE Trans. Computational Imaging
12650570;J. Sens. Actuator Networks
12650571;J. Digit. Inf. Manag.
12650572;EURASIP J. Image Video Process.
12650573;Computación y Sistemas
12650574;Secur. Priv.
12650575;IEEE Trans. Cogn. Dev. Syst.
12650576;IEEE Trans. Auton. Ment. Dev.
12650577;J. High Speed Networks
12650578;IEEE Trans. Circuits Syst. Video Technol.
12650579;Int. J. Technol. Educ. Mark.
12650580;Microprocess. Microsystems
12650581;Microprocess.
12650582;Swarm Intell.
12650583;Inf.
12650584;Comput. Stat.
12650585;Comput. Stand. Interfaces
12650586;J. Satisf. Boolean Model. Comput.
12650587;Comput. Sci. Rev.
12650588;Educ. Inf. Technol.
12650589;IEEE Trans. Netw. Serv. Manag.
12650590;J. Comput. Syst. Sci.
12650591;Int. J. Metaheuristics
12650592;ACM Trans. Inf. Syst.
12650593;SIAM/ASA J. Uncertain. Quantification
12650594;IEEE Trans. Syst. Man Cybern. Part B
12650595;IEEE Trans. Syst. Man Cybern.
12650596;IEEE Trans. Syst. Man Cybern. Part A
12650597;IEEE Trans. Syst. Man Cybern. Part C
12650598;IEEE Trans. Syst. Man Cybern. Syst.
12650599;J. Intell. Manuf.
12650600;Comput. Geosci.
12650601;Int. J. Intell. Inf. Database Syst.
12650602;SIAM Rev.
12650603;Int. J. Serv. Technol. Manag.
12650604;Int. J. Intell. Transp. Syst. Res.
12650605;Briefings Bioinform.
12650606;Database J. Biol. Databases Curation
12650607;Int. J. Inf. Commun. Technol. Hum. Dev.
12650608;IEEE Trans. Games
12650609;IEEE Trans. Comput. Intell. AI Games
12650610;J. Cell. Autom.
12650611;Exp. Math.
12650612;Netw. Protoc. Algorithms
12650613;J. Artif. Gen. Intell.
12650614;Neue Einsichten eines Informatikers von geringem Verstande
12650615;Mach. Learn.
12650616;IEEE J. Sel. Areas Inf. Theory
12650617;Presence Teleoperators Virtual Environ.
12650618;J. Funct. Log. Program.
12650619;Int. J. Geogr. Inf. Sci.
12650620;J. Database Manag.
12650621;Parallel Comput.
12650622;OR Insight
12650623;Annu. Rev. Control.
12650624;Int. J. Mob. Learn. Organisation
12650625;J. Appl. Math.
12650626;Int. J. IT Bus. Alignment Gov.
12650627;IEEE Syst. J.
12650628;J. Comput. Des. Eng.
12650629;Neural Comput.
12650630;Inf. Resour. Manag. J.
12650631;Comput. Animat. Virtual Worlds
12650632;J. Stat. Softw.
12650633;J. Circuits Syst. Comput.
12650634;Int. J. Artif. Intell. Tools
12650635;Int. J. Multim. Data Eng. Manag.
12650636;Electron. J. Graph Theory Appl.
12650637;Math. Methods Oper. Res.
12650638;ZOR Methods Model. Oper. Res.
12650639;Z. Oper. Research
12650640;Unternehmensforschung
12650641;Hum. Factors
12650642;Int. J. Wirel. Networks Broadband Technol.
12650643;Art Discret. Appl. Math.
12650644;Found. Trends Program. Lang.
12650645;IEEE Pervasive Comput.
12650646;Source Code Biol. Medicine
12650647;Open J. Semantic Web
12650648;Int. J. Data Min. Model. Manag.
12650649;Minds Mach.
12650650;AI Mag.
12650651;Comput. Vis. Media
12650652;Int. J. Soc. Humanist. Comput.
12650653;Nucleic Acids Res.
12650654;Micromachines
12650655;Int. J. Biomed. Imaging
12650656;Int. J. Bio Inspired Comput.
12650657;J. Digit. Imaging
12650658;IEEE Trans. Comput. Aided Des. Integr. Circuits Syst.
12650659;IPSJ Trans. Comput. Vis. Appl.
12650660;ACM J. Exp. Algorithmics
12650661;J. Open Source Softw.
12650662;Int. J. Granul. Comput. Rough Sets Intell. Syst.
12650663;Neurocomputing
12650664;Prod. Eng.
12650665;Int. J. Parallel Emergent Distributed Syst.
12650666;Parallel Algorithms Appl.
12650667;AKCE Int. J. Graphs Comb.
12650668;IEEE Commun. Surv. Tutorials
12650669;J. Electron. Commer. Organ.
12650670;Art Sci. Eng. Program.
12650671;J. Organ. End User Comput.
12650672;J. Rail Transp. Plan. Manag.
12650673;Inf. Syst. J.
12650674;Manuf. Serv. Oper. Manag.
12650675;ACM Trans. Intell. Syst. Technol.
12650676;J. Internet Serv. Inf. Secur.
12650677;Informatica Didact.
12650678;Big Data Cogn. Comput.
12650679;J. ACM
12650680;J. Artif. Intell. Res.
12650681;J. Informetrics
12650682;Int. J. Imaging Syst. Technol.
12650683;J. Appl. Probab.
12650684;IEEE Trans. Robotics
12650685;IEEE Trans. Robotics Autom.
12650686;IEEE J. Robotics Autom.
12650687;Int. J. Eng. Pedagog.
12650688;Acta Informatica Pragensia
12650689;ACM Trans. Archit. Code Optim.
12650690;Int. J. Comput. Math. Comput. Syst. Theory
12650691;Comput. Manag. Sci.
12650692;Electron. Colloquium Comput. Complex.
12650693;LOPLAS
12650694;Informatica (Slovenia)
12650695;Int. J. Netw. Comput.
12650696;Inf. Syst. Res.
12650697;IEEE Intell. Informatics Bull.
12650698;J. King Saud Univ. Comput. Inf. Sci.
12650699;IEEE Trans. Control. Syst. Technol.
12650700;Graphs Comb.
12650701;Serv. Oriented Comput. Appl.
12650702;IEEE J. Sel. Areas Commun.
12650703;Int. J. Radio Freq. Identif. Technol. Appl.
12650704;J. Comb. Theory, Ser. A
12650705;ACM Trans. Auton. Adapt. Syst.
12650706;Int. J. Circuit Theory Appl.
12650707;Ledger
12650708;Int. J. Ultra Wideband Commun. Syst.
12650709;Digit. Signal Process.
12650710;Program. Comput. Softw.
12650711;Object Oriented Syst.
12650712;Methods Log. Comput. Sci.
12650713;Intell. Data Anal.
12650714;Enterp. Inf. Syst.
12650715;Sci. China Inf. Sci.
12650716;Sci. China Ser. F Inf. Sci.
12650717;IxD&A
12650718;Frontiers Digit. Health
12650719;Educ. Inf.
12650720;SIAM J. Appl. Algebra Geom.
12650721;Hum. centric Comput. Inf. Sci.
12650722;Comput.
12650723;Program
12650724;Data Technol. Appl.
12650725;J. Discrete Algorithms
12650726;Stud Logica
12650727;J. Simulation
12650728;Spatial Cogn. Comput.
12650729;Adv. Data Anal. Classif.
12650730;ACM Trans. Interact. Intell. Syst.
12650731;Int. J. Electron. Bus.
12650732;IEEE Trans. Biomed. Circuits Syst.
12650733;Int. J. Syst. Assur. Eng. Manag.
12650734;Comput. Sci. Eng.
12650735;Int. J. Softw. Tools Technol. Transf.
12650736;IEEE Wirel. Commun.
12650737;IEEE Computer Graphics and Applications
12650738;Sustain. Comput. Informatics Syst.
12650739;Proc. Natl. Acad. Sci. USA
12650740;Int. J. Adv. Pervasive Ubiquitous Comput.
12650741;Concurr. Eng. Res. Appl.
12650742;Bioinform.
12650743;Comput. Appl. Biosci.
12650744;Int. J. Web Grid Serv.
12650745;Int. J. Digit. Crime Forensics
12650746;Eur. J. Law Technol.
12650747;J. Networks
12650748;Nat. Mach. Intell.
12650749;J. Netw. Syst. Manag.
12650750;Autom. Control. Comput. Sci.
12650751;EAI Endorsed Trans. Self Adapt. Syst.
12650752;J. Uncertain Syst.
12650753;Comput. Sci. J. Moldova
12650754;J. Electron. Test.
12650755;J. Formaliz. Reason.
12650756;Electron. Commun. Eur. Assoc. Softw. Sci. Technol.
12650757;Theory Comput. Syst.
12650758;Math. Syst. Theory
12650759;Bus. Process. Manag. J.
12650760;J. Multim. Process. Technol.
12650761;ACM Trans. Embed. Comput. Syst.
12650762;J. Assoc. Inf. Syst.
12650763;Int. J. Soc. Robotics
12650764;Int. J. Robotics Autom.
12650765;Int. J. Digit. Lit. Digit. Competence
12650766;IEEE Trans. Signal Inf. Process. over Networks
12650767;IEEE J. Sel. Top. Appl. Earth Obs. Remote. Sens.
12650768;Internet Res.
12650769;Int. J. Knowl. Soc. Res.
12650770;Int. J. Smart Educ. Urban Soc.
12650771;Found. Trends Theor. Comput. Sci.
12650772;Int. J. Inf. Retr. Res.
12650773;Int. J. Agric. Environ. Inf. Syst.
12650774;Int. J. Online Eng.
12650775;Int. J. Online Biomed. Eng.
12650776;Proces. del Leng. Natural
12650777;EURASIP J. Inf. Secur.
12650778;IEEE Trans. Software Eng.
12650779;Int. J. Big Data Intell.
12650780;ACM Trans. Appl. Percept.
12650781;EMISA Forum
12650782;Numerische Mathematik
12650783;Int. J. Pervasive Comput. Commun.
12650784;SIGecom Exch.
12650785;Libr. Trends
12650786;Adv. Intell. Syst.
12650787;Int. J. Monit. Surveillance Technol. Res.
12650788;Int. J. Semantic Comput.
12650789;Comput. Vis. Sci.
12650790;Int. J. Comput. Linguistics Chin. Lang. Process.
12650791;Int. J. Bus. Process. Integr. Manag.
12650792;J. Comput. Phys. X
12650793;Appl. Clin. Inform.
12650794;Trans. Assoc. Comput. Linguistics
12650795;EAI Endorsed Trans. e Bus.
12650796;Int. J. Comb. Optim. Probl. Informatics
12650797;Interfaces
12650798;INFORMS J. Appl. Anal.
12650799;Logica Universalis
12650800;Int. J. Inf. Commun. Technol.
12650801;Int. J. Knowl. Based Intell. Eng. Syst.
12650802;Int. J. Inf. Technol. Decis. Mak.
12650803;Rev. Colomb. de Computación
12650804;J. Locat. Based Serv.
12650805;SIAM J. Matrix Anal. Appl.
12650806;SIAM J. Algebraic Discret. Methods
12650807;IEEE Open J. Circuits Syst.
12650808;Supercomput. Front. Innov.
12650809;Int. J. Serv. Stand.
12650810;Wirel. Pers. Commun.
12650811;EAI Endorsed Trans. Creative Technol.
12650812;Int. J. Commun. Networks Inf. Secur.
12650813;Adv. Bioinformatics
12650814;Public Transp.
12650815;IEEE Trans. Inf. Theory
12650816;IRE Trans. Inf. Theory
12650817;Trans. IRE Prof. Group Inf. Theory
12650818;EAI Endorsed Trans. Security Safety
12650819;Int. J. Inf. Technol. Proj. Manag.
12650820;Internet High. Educ.
12650821;Int. J. E Politics
12650822;Int. J. Dependable Trust. Inf. Syst.
12650823;ACM J. Emerg. Technol. Comput. Syst.
12650824;Russ. Digit. Libr. J.
12650825;Open J. Databases
12650826;New Media Soc.
12650827;Informing Sci. Int. J. an Emerg. Transdiscipl.
12650828;Cartogr. Int. J. Geogr. Inf. Geovisualization
12650829;Connect. Sci.
12650830;EAI Endorsed Trans. Serious Games
12650831;Trans. Data Hiding Multim. Secur.
12650832;AStA Wirtschafts und Sozialstatistisches Arch.
12650833;Found. Trends Hum. Comput. Interact.
12650834;Sci.
12650835;Ind. Manag. Data Syst.
12650836;New Rev. Hypermedia Multim.
12650837;J. Knowl. Manag.
12650838;IEEE Trans. Vis. Comput. Graph.
12650839;J. Phonetics
12650840;Adv. Data Sci. Adapt. Anal.
12650841;Microelectron. J.
12650842;Proc. ACM Comput. Graph. Interact. Tech.
12650843;Int. J. Auton. Adapt. Commun. Syst.
12650844;Geo spatial Inf. Sci.
12650845;Poiesis Prax.
12650846;Artif. Life Robotics
12650847;IEEE Trans. Knowl. Data Eng.
12650848;J. Inf. Syst.
12650849;Int. J. Hum. Comput. Interact.
12650850;Int. J. Neural Syst.
12650851;J. Artif. Intell. Conscious.
12650852;J. Inf. Technol. Constr.
12650853;Leibniz Trans. Embed. Syst.
12650854;ACM Trans. Design Autom. Electr. Syst.
12650855;Comput. Appl. Eng. Educ.
12650856;Int. J. RF Technol. Res. Appl.
12650857;MMI Interakt.
12650858;ACM SIGMOD Anthology
12650859;Angew. Inform.
12650860;Wirtschaftsinf.
12650861;J. Comput. Res. Dev.
12650862;J. Membr. Comput.
12650863;J. Glob. Optim.
12650864;IEEE Trans. Consumer Electron.
12650865;Inf. Manag.
12650866;Trans. Rough Sets
12650867;Data Inf. Manag.
12650868;Int. J. Math. Model. Numer. Optimisation
12650869;Found. Trends Mach. Learn.
12650870;Eur. Trans. Telecommun.
12650871;Trans. Emerg. Telecommun. Technol.
12650872;Int. J. Intell. Eng. Informatics
12650873;IEEE Trans. Multim.
12650874;Int. J. Comput. Model. Algorithms Medicine
12650875;CoRR
12650876;Log. Methods Comput. Sci.
12650877;arXiv
12650878;J. Syst. Control. Eng.
12650879;Adv. Eng. Informatics
12650880;Artif. Intell. Eng.
12650881;Markup Lang.
12650882;Int. J. Comput. Sci. Educ. Sch.
12650883;IET Commun.
12650884;Adv. Multim.
12650885;Int. J. Ad Hoc Ubiquitous Comput.
12650886;Int. J. Inf. Technol. Syst. Approach
12650887;J. Netw. Intell.
12650888;Bull. IEEE Tech. Comm. Digit. Libr.
12650889;J. Numer. Cogn.
12650890;Prog. Artif. Intell.
12650891;J. Appl. Non Class. Logics
12650892;Publ.
12650893;Int. J. Electron. Commer.
12650894;Trans. Petri Nets Other Model. Concurr.
12650895;J. Big Data
12650896;Int. J. Oper. Res. Inf. Syst.
12650897;Comput. Linguistics
12650898;Am. J. Comput. Linguistics
12650899;Int. J. Hybrid Intell. Syst.
12650900;J. Netw. Comput. Appl.
12650901;Australas. J. Inf. Syst.
12650902;Decis. Sci.
12650903;Memetic Comput.
12650904;IGTR
12650905;Int. J. Artif. Intell. Soft Comput.
12650906;J. Web Eng.
12650907;IEEE Trans. Affect. Comput.
12650908;Soft Comput.
12650909;Swarm Evol. Comput.
12650910;Hum. Comput.
12650911;Math. Model. Anal.
12650912;Int. J. Knowl. Learn.
12650913;J. Commun. Inf. Networks
12650914;Comput. Chem.
12650915;Comput. Biol. Chem.
12650916;ACM Comput. Surv.
12650917;Int. J. Multim. Inf. Retr.
12650918;Autom. Remote. Control.
12650919;ACM Trans. Cyber Phys. Syst.
12650920;AI Ethics
12650921;Int. J. Inf. Syst. Crisis Response Manag.
12650922;Appl. Soft Comput.
12650923;Frontiers Comput. Sci.
12650924;J. Web Semant.
12650925;Int. J. Inf. Technol. Manag.
12650926;J. Web Sci.
12650927;Inf. Syst. Manag.
12650928;Glottometrics
12650929;Bull. EATCS
12650930;J. Complex.
12650931;Pattern Anal. Appl.
12650932;Mob. Networks Appl.
12650933;Int. J. Gen. Syst.
12650934;J. Artif. Intell. Soft Comput. Res.
12650935;Int. Arab J. Inf. Technol.
12650936;Proc. VLDB Endow.
12650937;Data Qual.
12650938;Opt. Switch. Netw.
12650939;Nano Commun. Networks
12650940;IEEE Trans. Engineering Management
12650941;Complex Syst. Informatics Model. Q.
12650942;Math. Oper. Res.
12650943;Distributed Parallel Databases
12650944;J. Comput. Sci. Eng.
12650945;Int. J. Comput. Assist. Radiol. Surg.
12650946;Int. J. Artif. Intell. Mach. Learn.
12650947;Eur. J. Oper. Res.
12650948;J. Aerosp. Comput. Inf. Commun.
12650949;J. Aerosp. Inf. Syst.
12650950;Appl. Math. Lett.
12650951;J. Bioinform. Comput. Biol.
12650952;ARIMA J.
12650953;Ars Comb.
12650954;ACM Trans. Soc. Comput.
12650955;Math. Comput. Sci.
12650956;Silico Biol.
12650957;J. Libr. Inf. Sci.
12650958;J. Inf. Technol. Res.
12650959;Scientometrics
12650960;J. Res. Pract. Inf. Technol.
12650961;Aust. Comput. J.
12650962;Int. J. Comput. Biol. Drug Des.
12650963;Numer. Algorithms
12650964;Discret. Appl. Math.
12650965;Comput. Games J.
12650966;J. Ubiquitous Syst. Pervasive Networks
12650967;Comput. Vis. Graph. Image Process.
12650968;CVGIP Graph. Model. Image Process.
12650969;Graph. Model.
12650970;Comput. Graph. Image Process.
12650971;Graph. Model. Image Process.
12650972;J. Approx. Theory
12650973;Discret. Math. Algorithms Appl.
12650974;Comput. Syst. Sci. Eng.
12650975;Int. J. Manuf. Mater. Mech. Eng.
12650976;Electron. Netw. Res. Appl. Policy
12650977;Int. J. Inf. Syst. Model. Des.
12650978;Int. J. Secur. Networks
12650979;J. Medical Syst.
12650980;Int. J. Distributed Sens. Networks
12650981;Math. Program.
12650982;Quantum
12650983;BMC Medical Informatics Decis. Mak.
12650984;IET Cyper-Phys. Syst.: Theory & Appl.
12650985;Int. J. Swarm Intell. Res.
12650986;IEEE Trans. Pattern Anal. Mach. Intell.
12650987;IEEE Secur. Priv.
12650988;Inf. Manag. Comput. Secur.
12650989;Inf. Comput. Secur.
12650990;Inf. Manag. Comput. Security
12650991;Sci. Robotics
12650992;AIS Trans. Hum. Comput. Interact.
12650993;IEEE Netw. Lett.
12650994;J. Next Gener. Inf. Technol.
12650995;login Usenix Mag.
12650996;J. Percept. Imaging
12650997;J. Electr. Comput. Eng.
12650998;Patterns
12650999;J. Low Power Electron.
12651000;Int. J. Soc. Organ. Dyn. IT
12651001;Int. J. Intell. Comput. Cybern.
12651002;Int. J. Inf. Technol. Commun. Convergence
12651003;IEEE Softw.
12651004;J. Organ. Comput. Electron. Commer.
12651005;J. Organ. Comput.
12651006;Int. J. Fuzzy Syst. Appl.
12651007;J. Comput. Secur.
12651008;J. Sci. Comput.
12651009;Trans. Mass Data Anal. Images Signals
12651010;Int. J. Data Anal. Tech. Strateg.
12651011;ACM Trans. Model. Perform. Evaluation Comput. Syst.
12651012;Digit. Tech. J.
12651013;IEEE Trans. Educ.
12651014;ACM Trans. Parallel Comput.
12651015;Trans. Digit. Games Res. Assoc.
12651016;IEEE Intell. Transp. Syst. Mag.
12651017;J. Multivar. Anal.
12651018;Inf. Technol. People
12651019;Am. Math. Mon.
12651020;J. Artif. Soc. Soc. Simul.
12651021;J. Comput. Lang.
12651022;Int. J. Web Based Learn. Teach. Technol.
12651023;Int. J. Eng. Soc. Justice Peace
12651024;Computer und Recht
12651025;Comput. und Recht
12651026;Inf. Wiss. Prax.
12651027;Nachrichten Dok.
12651028;Int. J. Enterp. Inf. Syst.
12651029;Interact. Technol. Smart Educ.
12651030;Int. J. Crit. Infrastructures
12651031;Int. J. Manuf. Technol. Manag.
12651032;Medical Biol. Eng. Comput.
12651033;EAI Endorsed Trans. Cogn. Commun.
12651034;PeerJ Prepr.
12651035;J. Comput. Assist. Learn.
12651036;Discret. Optim.
12651037;Int. J. Interact. Multim. Artif. Intell.
12651038;Int. J. Mob. Blended Learn.
12651039;IEEE Trans. Signal Process.
12651040;IEEE Trans. Acoust. Speech Signal Process.
12651041;Oper. Res. Forum
12651042;Genet. Program. Evolvable Mach.
12651043;Int. J. Cyber Warf. Terror.
12651044;ACM Trans. Softw. Eng. Methodol.
12651045;Int. J. Softw. Informatics
12651046;CCF Trans. Pervasive Comput. Interact.
12651047;Wirel. Networks
12651048;IEEE Netw.
12651049;Schedae Informaticae
12651050;IEEE Trans. Sustain. Comput.
12651051;Document Numérique
12651052;Cogn. Process.
12651053;Trans. Comput. Sci.
12651054;Coll. Res. Libr.
12651055;Comput. Meas. Group Trans.
12651056;CCF Trans. High Perform. Comput.
12651057;Int. J. Commun. Networks Distributed Syst.
12651058;SIGIR Forum
12651059;Math. Comput.
12651060;Digit. Gov. Res. Pract.
12651061;Commun. ACM
12651062;ACM Trans. Model. Comput. Simul.
12651063;LNCS Trans. Aspect Oriented Softw. Dev.
12651064;LNCS Trans. Modul. Compos.
12651065;J. Appl. Log.
12651066;J. Comput. Virol.
12651067;J. Comput. Virol. Hacking Tech.
12651068;Eur. J. Inf. Syst.
12651069;J. Data Min. Digit. Humanit.
12651070;Int. J. Artif. Life Res.
12651071;Internet Technol. Lett.
12651072;Math. Soc. Sci.
12651073;IEEE Trans. Green Commun. Netw.
12651074;J. Heal. Informatics Res.
12651075;Open J. Inf. Syst.
12651076;Reports Math. Log.
12651077;Games
12651078;Multiscale Model. Simul.
12651079;Int. Arab. J. e Technol.
12651080;Groups Complex. Cryptol.
12651081;Int. J. Found. Comput. Sci.
12651082;Future Gener. Comput. Syst.
12651083;Int. J. Appl. Earth Obs. Geoinformation
12651084;Int. J. Serious Games
12651085;Int. J. Serious Games 2 Issue 2.
12651086;Inf. Econ. Policy
12651087;Int. J. Comput. Heal.
12651088;Int. J. Humanoid Robotics
12651089;Comput. Law Secur. Rev.
12651090;Inform. Spektrum
12651091;EAI Endorsed Trans. Collab. Comput.
12651092;Bio Algorithms Med Syst.
12651093;ACM Trans. Storage
12651094;Logist. Res.
12651095;Scalable Comput. Pract. Exp.
12651096;Biomed. Signal Process. Control.
12651097;Evol. Syst.
12651098;Soc. Networks
12651099;Int. J. Inf. Acquis.
12651100;RFC
12651101;IEEE Signal Process. Mag.
12651102;Secur. Commun. Networks
12651103;Cybern. Syst.
12651104;Ann. Softw. Eng.
12651105;Sci. Ann. Cuza Univ.
12651106;Sci. Ann. Comput. Sci.
12651107;ACM Trans. Manag. Inf. Syst.
12651108;Int. J. Hum. Comput. Stud.
12651109;Int. J. Man Mach. Stud.
12651110;Int. J. Inf. Commun. Technol. Educ.
12651111;MIS Q. Executive
12651112;Adv. Model. Simul. Eng. Sci.
12651113;Inf. Organ.
12651114;Mech. Transl. Comput. Linguistics
12651115;CCF Trans. Netw.
12651116;Electron. Publ.
12651117;Ann. Pure Appl. Log.
12651118;Ann. Math. Log.
12651119;Ann. Pure Appl. Logic
12651120;Quantum Mach. Intell.
12651121;Cybern. Hum. Knowing
12651122;Appl. Intell.
12651123;J. Data Inf. Sci.
12651124;Nat. Lang. Eng.
12651125;Earth Sci. Informatics
12651126;Health Inf. Sci. Syst.
12651127;Robotica
12651128;Int. J. Bus. Perform. Supply Chain Model.
12651129;Game Stud.
12651130;Perform. Evaluation
12651131;IEEE CAA J. Autom. Sinica
12651132;AGIT Journal Angew. Geoinformatik
12651133;AGIT Journal
12651134;Comput. Biol. Medicine
12651135;J. Glob. Inf. Manag.
12651136;Int. J. Mob. Comput. Multim. Commun.
12651137;Int. J. Medical Eng. Informatics
12651138;Knowl. Based Syst.
12651139;Microelectron. Reliab.
12651140;J. Telecommun. High Technol. Law
12651141;IEEE Trans. Inf. Forensics Secur.
12651142;IEEE J. Emerg. Sel. Topics Circuits Syst.
12651143;Int. J. Digit. EVid.
12651144;Smart Comput. Rev.
12651145;Comput. Appl. Math.
12651146;ICT Express
12651147;Int. J. Bus. Intell. Res.
12651148;Asymptot. Anal.
12651149;Biol. Cybern.
12651150;Kybern.
12651151;Int. J. Fuzzy Syst.
12651152;Z. für Medienpsychologie
12651153;J. Media Psychol. Theor. Methods Appl.
12651154;Quantum Eng.
12651155;J. Comput. Mediat. Commun.
12651156;Eng. Appl. Artif. Intell.
12651157;J. Softw. Eng. Res. Dev.
12651158;Cogn. Syst. Res.
12651159;J. Cases Inf. Technol.
12651160;J. Ind. Inf. Integr.
12651161;Fuzzy Sets Syst.
12651162;J. Vis.
12651163;EAI Endorsed Trans. Context aware Syst. Appl.
12651164;Int. J. Commun. Netw. Syst. Sci.
12651165;Int. J. Bus. Intell. Data Min.
12651166;J. Adv. Inf. Fusion
12651167;J. Inf. Sci.
12651168;Adv. Internet Things
12651169;Inf. Soc.
12651170;Electron. Libr.
12651171;J. Digit. Forensics Secur. Law
12651172;J. Medical Imaging Health Informatics
12651173;Int. J. Inf. Manag. Data Insights
12651174;J. Heuristics
12651175;Comput. Entertain.
12651176;Trans. Data Priv.
12651177;J. Documentation
12651178;EURASIP J. Bioinform. Syst. Biol.
12651179;Wirel. Eng. Technol.
12651180;ACM J. Educ. Resour. Comput.
12651181;ACM Trans. Comput. Educ.
12651182;Int. J. Crit. Comput. Based Syst.
12651183;Encycl. Semantic Comput. Robotic Intell.
12651184;IACR Trans. Cryptogr. Hardw. Embed. Syst.
12651185;Energy Inform.
12651186;High. Order Symb. Comput.
12651187;LISP Symb. Comput.
12651188;ACM Trans. Sens. Networks
12651189;Entropy
12651190;Sci. Program.
12651191;J. Signal Process. Syst.
12651192;J. VLSI Signal Process.
12651193;Int. J. Qual. Assur. Eng. Technol. Educ.
12651194;Data Knowl. Eng.
12651195;SIGACT News
12651196;J. Optim. Theory Appl.
12651197;J. Optimization Theory and Applications
12651198;Model. Assist. Stat. Appl.
12651199;J. Inform. and Commun. Convergence Engineering
12651200;Comput. Intell. Neurosci.
12651201;IACR Cryptol. ePrint Arch.
12651202;EAI Endorsed Trans. Ambient Syst.
12651203;J. Imaging
12651204;Math. Comput. Model.
12651205;Int. J. Biom.
12651206;Prax. Inf.verarb. Kommun.
12651207;Comput. Secur.
12651208;Bell Labs Tech. J.
12651209;Learn. Publ.
12651210;J. Program. Lang.
12651211;Frontiers Big Data
12651212;EAI Endorsed Trans. Ubiquitous Environ.
12651213;Ecol. Informatics
12651214;IEEE Trans. Biom. Behav. Identity Sci.
12651215;Math. Found. Comput.
12651216;Int. J. Ambient Comput. Intell.
12651217;IEEE Trans. Broadcast.
12651218;ACM Trans. Comput. Theory
12651219;Simul. Pract. Theory
12651220;Simul. Model. Pract. Theory
12651221;Inf. Syst.
12651222;J. Syst. Softw.
12651223;J. Comput. Eng.
12651224;IEEE Trans. Intell. Veh.
12651225;Constraints An Int. J.
12651226;Int. J. Comput. Linguistics Appl.
12651227;Int. J. Digit. Libr. Syst.
12651228;Int. J. Asian Bus. Inf. Manag.
12651229;Int. J. Soc. Media Interact. Learn. Environ.
12651230;J. Log. Lang. Inf.
12651231;Inf. Serv. Use
12651232;Int. J. Networked Distributed Comput.
12651233;SIAM J. Control. Optim.
12651234;SIAM J. Financial Math.
12651235;Int. J. High Speed Comput.
12651236;Ingénierie des Systèmes d Inf.
12651237;J. Community Informatics
12651238;Inf. Technol. Control.
12651239;Int. J. Strateg. Decis. Sci.
12651240;IEEE Trans. Biomed. Eng.
12651241;Discret. Math.
12651242;Trans. GIS
12651243;Int. J. Creative Interfaces Comput. Graph.
12651244;Mark. Sci.
12651245;J. Soc. Struct.
12651246;Trans. Inst. Meas. Control
12651247;IEEE Internet Things Mag.
12651248;Softw. Impacts
12651249;Int. J. Shape Model.
12651250;Nord. J. Comput.
12651251;Phys. Commun.
12651252;Int. J. Learn. Anal. Artif. Intell. Educ.
12651253;Softw. Qual. J.
12651254;Robotics
12651255;J. Integr. Bioinform.
12651256;Int. J. Document Anal. Recognit.
12651257;Comput. Sci.
12651258;Int. J. Cyber Ethics Educ.
12651259;J. Comput. Graph. Stat.
12651260;Comput. Aided Des.
12651261;LDV Forum
12651262;J. Lang. Technol. Comput. Linguistics
12651263;i-com
12651264;J. Inf. Technol. Tour.
12651265;Comput. Aided Civ. Infrastructure Eng.
12651266;Comput. Speech Lang.
12651267;Innov. Syst. Softw. Eng.
12651268;Sci. Iran.
12651269;Int. J. Heal. Inf. Syst. Informatics
12651270;IEEE Trans. Commun.
12651271;Theory Pract. Object Syst.
12651272;J. Grid Comput.
12651273;IEEE Des. Test Comput.
12651274;IEEE Des. Test
12651275;J. Probl. Solving
12651276;Res. Pract. Technol. Enhanc. Learn.
12651277;Sensors
12651278;Mind
12651279;Proc. London Math. Soc.
12651280;Int. J. Intell. Robotics Appl.
12651281;Distributed Ledger Technol. Res. Pract.
12651282;Int. J. E Bus. Res.
12651283;South Afr. Comput. J.
12651284;Digit. Appl. Archaeol. Cult. Heritage
12651285;Digit. Humanit. Q.
12651286;J. Inf. Technol. Educ. Discuss. Cases
12651287;Arch. Formal Proofs
12651288;Proc. IEEE
12651289;Found. Trends Priv. Secur.
12651290;EAI Endorsed Trans. Ind. Networks Intell. Syst.
12651291;Br. J. Educ. Technol.
12651292;Comput. Ind. Eng.
12651293;IEEE J. Biomed. Health Informatics
12651294;IEEE Trans. Inf. Technol. Biomed.
12651295;J. Inf. Commun. Ethics Soc.
12651296;ACM SIGOPS Oper. Syst. Rev.
12651297;Peer-to-Peer Netw. Appl.
12651298;Inf. Softw. Technol.
12651299;Information & Software Technology
12651300;Artif. Intell. Res.
12651301;Commun. Res.
12651302;PLoS Comput. Biol.
12651303;J. Inf. Technol. Educ.
12651304;J. Inf. Technol. Educ. Res.
12651305;Int. J. Comput. Eng. Sci.
12651306;RAIRO Theor. Informatics Appl.
12651307;Int. J. Next Gener. Comput.
12651308;Int. J. Appl. Metaheuristic Comput.
12651309;Rev. Symb. Log.
12651310;Int. J. Intell. Inf. Process.
12651311;Contributions Discret. Math.
12651312;J. Inf. Technol.
12651313;J. Sched.
12651314;J. Syst. Inf. Technol.
12651315;J. Comput. Geom.
12651316;Int. J. Web Eng. Technol.
12651317;Comput. Educ.
12651318;IEEE Trans. Artif. Intell.
12651319;Commun. Nonlinear Sci. Numer. Simul.
12651320;Int. J. Decis. Support Syst. Technol.
12651321;Int. J. Secur. Priv. Pervasive Comput.
12651322;Webology
12651323;J. Information Security
12651324;Int. J. Fuzzy Log. Intell. Syst.
12651325;Hist. Comput.
12651326;J. Cheminformatics
12651327;Int. J. Mach. Learn. Cybern.
12651328;J. Mobile Multimedia
12651329;Int. J. Metadata Semant. Ontologies
12651330;Int. J. Comput. Geom. Appl.
12651331;Inf. Polity
12651332;Interact. Comput.
12651333;EAI Endorsed Trans. Mob. Commun. Appl.
12651334;Games Econ. Behav.
12651335;IEEE Trans. Control. Netw. Syst.
12651336;Int. J. Comput. Aided Eng. Technol.
12651337;IET Signal Process.
12651338;J. Autom. Reason.
12651339;Found. Trends Optim.
12651340;Int. J. Model. Identif. Control.
12651341;Int. J. Rough Sets Data Anal.
12651342;J. Log. Anal.
12651343;Log. Anal.
12651344;Int. J. Data Min. Bioinform.
12651345;J. Biomed. Informatics
12651346;Comput. Biomed. Res.
12651347;Signal Process. Image Commun.
12651348;Random Struct. Algorithms
12651349;Stat. Methods Appl.
12651350;SIAM J. Appl. Math.
12651351;SIAM Journal of Applied Mathematics
12651352;Frontiers Neurorobotics
12651353;Frontiers Comput. Sci. China
12651354;IEEE Trans. Fuzzy Syst.
12651355;J. Log. Comput.
12651356;Int. J. Web Based Communities
12651357;Adv. Artif. Neural Syst.
12651358;User Model. User Adapt. Interact.
12651359;J. Data Intell.
12651360;Comput. Hum. Behav.
12651361;Int. J. E Serv. Mob. Appl.
12651362;Aust. J. Intell. Inf. Process. Syst.
12651363;Informationstechnik Tech. Inform.
12651364;Elektron. Rechenanlagen
12651365;it Inf. Technol.
12651366;Bull. Acad. Pol. des Sci. Ser. Sci. Math. Astron. Phys.
12651367;Data Sci. J.
12651368;Artif. Intell. Law
12651369;Int. J. Grid High Perform. Comput.
12651370;Algorithms
12651371;Found. Trends Inf. Syst.
12651372;IEEE Technol. Soc. Mag.
12651373;Found. Trends Technol. Inf. Oper. Manag.
12651374;Int. J. Robotics Res.
12651375;Comput. Methods Programs Biomed.
12651376;Neural Networks
12651377;Int. J. Simul. Process. Model.
12651378;Digit. Libr. Perspect.
12651379;OCLC Syst. Serv.
12651380;Comput. methods Biomech. Biomed. Eng. Imaging Vis.
12651381;Nat. Comput.
12651382;Int. J. Digit. Earth
12651383;Comput. Music. J.
12651384;Sci. Comput. Program.
12651385;J. Symb. Comput.
12651386;Syst. Control. Lett.
12651387;Theory Pract. Log. Program.
12651388;Arch. Math. Log.
12651389;计算机科学
12651390;Discret. Comput. Geom.
12651391;Control. Intell. Syst.
12651392;Mechatron. Syst. Control.
12651393;Int. J. Learn. Technol.
12651394;J. Cybersecur.
12651395;Formal Aspects Comput.
12651396;Stat. Anal. Data Min.
12651397;Int. J. Appl. Decis. Sci.
12651398;Cybersecur.
12651399;Int. J. Math. Oper. Res.
12651400;ACM Trans. Evol. Learn. Optim.
12651401;J. Decis. Syst.
12651402;IEEE Expert
12651403;IEEE Intell. Syst.
12651404;unpublished
12651405;Int. J. Reason. based Intell. Syst.
12651406;J. ICT Dev. Appl. Res.
12651407;ACM Trans. Comput. Heal.
12651408;Networks
12651409;Int. J. Comput. Vis.
12651410;Int. J. Internet Enterp. Manag.
12651411;ReCALL
12651412;J. Comput. Methods Sci. Eng.
12651413;Int. J. Softw. Sci. Comput. Intell.
12651414;Int. J. Electron. Heal.
12651415;Complex.
12651416;Int. J. Green Comput.
12651417;Kognitionswissenschaft
12651418;J. Comput. Appl. Math.
12651419;IEEE Trans. Big Data
12651420;J. Syst. Integr.
12651421;Int. J. Virtual Pers. Learn. Environ.
12651422;J. Inf. Technol. Manag.
12651423;Int. J. Comput. Intell. Appl.
12651424;Int. J. Account. Inf. Syst.
12651425;Int. Trans. Syst. Sci. Appl.
12651426;Telecommun. Syst.
12651427;Int. J. Comput. Appl. Technol.
12651428;Intell. Inf. Manag.
12651429;Int. J. Interoperability Bus. Inf. Syst.
12651430;BMC Syst. Biol.
12651431;J. Inf. Process. Syst.
12651432;Int. J. Distance Educ. Technol.
12651433;Sci. J. Riga Tech. Univ. Ser. Comput. Sci.
12651434;Int. J. Intell. Mechatronics Robotics
12651435;Int. J. Comput. Their Appl.
12651436;IET Comput. Vis.
12651437;Int. J. Inf. Comput. Secur.
12651438;Robotersysteme
12651439;XRDS
12651440;ACM Crossroads
12651441;EPJ Data Sci.
12651442;Artif. Intell. Eng. Des. Anal. Manuf.
12651443;J. Autom. Mob. Robotics Intell. Syst.
12651444;e Minds Int. J. Hum. Comput. Interact.
12651445;IEEE Trans Autom. Sci. Eng.
12651446;Inf. Fusion
12651447;Int. J. Data Sci. Anal.
12651448;Int. J. Adv. Corp. Learn.
12651449;Data Intell.
12651450;J. Robotics Netw. Artif. Life
12651451;Environ. Model. Softw.
12651452;ACM Trans. Program. Lang. Syst.
12651453;IBM Syst. J.
12651454;SIGKDD Explor.
12651455;Comput. Environ. Urban Syst.
12651456;J. Funct. Program.
12651457;Log. J. IGPL
12651458;Bull. IGPL
12651459;Clust. Comput.
12651460;Arch. Mus. Informatics
12651461;ACM Queue
12651462;Int. J. Game Theory
12651463;Inf. Control.
12651464;Inf. Comput.
12651465;AIS Trans. Replication Res.
12651466;IEEE Trans. Circuits Syst.
12651467;IEEE Trans. Circuits Syst. I Fundam. Theory Appl.
12651468;IEEE Trans. on Circuits and Systems
12651469;IEEE Trans. Syst. Sci. Cybern.
12651470;J. Comput.
12651471;Cyberpsychology Behav. Soc. Netw.
12651472;Australas. J Comb.
12651473;Circuits Syst.
12651474;Period. Math. Hung.
12651475;Int. J. Nanotechnol. Mol. Comput.
12651476;Int. J. Wirel. Opt. Commun.
12651477;Online Soc. Networks Media
12651478;Quantum Inf. Process.
12651479;J. Adv. Comput. Intell. Intell. Informatics
12651480;Finance Stochastics
12651481;Robotics Auton. Syst.
12651482;Int. J. Robotics Appl. Technol.
12651483;Vis. Comput.
12651484;Comput. Graph. Forum
12651485;Soc. Netw. Anal. Min.
12651486;Appl. Netw. Sci.
12651487;IEEE Trans. Haptics
12651488;Trans. Case Based Reason.
12651489;Int. J. Web Sci.
12651490;ACM Trans. Database Syst.
12651491;ACM SIGACCESS Access. Comput.
12651492;ACM Trans. Graph.
12651493;Int. J. Mechatronics Autom.
12651494;Int. J. Electron. Bus. Manag.
12651495;Mach. Learn. Sci. Technol.
12651496;Data Base
12651497;Int. J. Technol. Manag.
12651498;ACM SIGAPL APL Quote Quad
12651499;Informatica
12651500;J. Inf. Knowl. Manag.
12651501;EAI Endorsed Trans. Future Intell. Educ. Environ.
12651502;J. Lond. Math. Soc.
12651503;Int. J. Syst. Syst. Eng.
12651504;Comput. J.
12651505;IEEE Veh. Technol. Mag.
12651506;Softw. Process. Improv. Pract.
12651507;Adv. Comput. Math.
12651508;Adv. Inf. Sci. Serv. Sci.
12651509;Frontiers Neuroinformatics
12651510;Quant. Sci. Stud.
12651511;Int. J. Soc. Comput. Cyber Phys. Syst.
12651512;Ars Math. Contemp.
12651513;Softw. Pract. Exp.
12651514;Int. J. Autom. Technol.
12651515;IEEE Consumer Electron. Mag.
12651516;Int. J. 3 D Inf. Model.
12651517;IEEE Trans. Neural Networks
12651518;IEEE Trans. Neural Networks Learn. Syst.
12651519;J. Math. Imaging Vis.
12651520;AT&T Tech. J.
12651521;Bell Syst. Tech. J.
12651522;AT&T Bell Lab. Tech. J.
12651523;Adapt. Behav.
12651524;Probl. Inf. Transm.
12651525;Ubiquity
12651526;New Math. Nat. Comput.
12651527;Virtual Real. Intell. Hardw.
12651528;Int. J. Inf. Decis. Sci.
12651529;ACM Trans. Internet Techn.
12651530;Stud. Inform. Univ.
12651531;J. Inf. Telecommun.
12651532;Comput. Sci. Educ.
12651533;IEICE Electron. Express
12651534;J. Serv. Sci. Res.
12651535;Mob. Inf. Syst.
12651536;Ann. des Télécommunications
12651537;Comput. Intell.
12651538;Found. Trends Inf. Retr.
12651539;J. Algorithms
12651540;Int. J. Cyber Behav. Psychol. Learn.
12651541;Int. J. Interdiscip. Telecommun. Netw.
12651542;IEEE Trans. Dependable Secur. Comput.
12651543;J. Comput. Biol.
12651544;J. Comb. Optim.
12651545;Virtual Real.
12651546;Int. J. Technoethics
12651547;Int. J. Soc. Netw. Min.
12651548;J. Graph. Tools
12651549;J. Graphics, GPU, & Game Tools
12651550;J. Math. Cryptol.
12651551;EURASIP J. Adv. Signal Process.
12651552;SIGCAS Comput. Soc.
12651553;J. Inf. Law Technol.
12651554;Int. J. High Perform. Comput. Netw.
12651555;J. Manag. Inf. Syst.
12651556;J. Syst. Archit.
12651557;Microprocess. Microprogramming
12651558;Microprocessing and Microprogramming
12651559;AI Open
12651560;SIAM J. Imaging Sci.
12651561;Fuzzy Optim. Decis. Mak.
12651562;Netw. Sci.
12651563;Inf. Technol. Manag.
12651564;Int. J. Comput. Intell. Syst.
12651565;e Informatica Softw. Eng. J.
12651566;Proc. Meet. Acoust.
12651567;BMC Medical Imaging
12651568;Inf. Syst. Frontiers
12651569;J. Inf. Syst. Educ.
12651570;Int. J. Data Warehous. Min.
12651571;IEEE Distributed Syst. Online
12651572;Netw. Model. Anal. Health Informatics Bioinform.
12651573;IEEE Trans. Image Process.
12651574;Transp. Sci.
12651575;Int. J. Softw. Eng. Knowl. Eng.
12651576;Mach. Vis. Appl.
12651577;Computing
12651578;SIAM J. Comput.
12651579;Int. J. Synth. Emot.
12651580;Int. J. Netw. Virtual Organisations
12651581;Systems and Computers in Japan
12651582;Open Comput. Sci.
12651583;Central Eur. J. Comput. Sci.
12651584;Nat.
12651585;IEEE Robotics Autom. Mag.
12651586;J. Comput. High. Educ.
12651587;IEEE Commun. Lett.
12651588;J. Medical Robotics Res.
12651589;J. Chin. Lang. Comput.
12651590;Int. J. Asian Lang. Process.
12651591;Int. J. Agent Technol. Syst.
12651592;IACR Trans. Symmetric Cryptol.
12651593;VLDB J.
12651594;IEEE ACM Trans. Audio Speech Lang. Process.
12651595;IEEE Trans. Speech Audio Process.
12651596;Softw. Test. Verification Reliab.
12651597;Multimodal Technol. Interact.
12651598;J. Graph Theory
12651599;SIGMOD Record
