:ID;publisher:string
12651600;ACM Press and IEEE Computer Society Press
12651601;IBM Germany Science Center, Institute for Knowledge Based Systems
12651602;IBM Deutschland GmbH
12651603;IBM Corporation, White Plains, NY
12651604;IBM Cambridge Scientific Center
12651605;Institute of Computing, University of Campinas, Campinas, Brazil
12651606;Peer-to-Peer Communications
12651607;Springer
12651608;IOS Press
12651609;IGI Global
12651610;CRC Press
12651611;John Wiley & Sons, Inc.
12651612;Taylor & Francis
12651613;Chapman and Hall/CRC
12651614;Auerbach Publications/CRC
12651615;Auerbach Publications
12651616;Auerbach Publ./CRC Press
12651617;Springer International Publishing
12651618;Elsevier
12651619;Springer US
12651620;Cambridge University Press
12651621;Academic Press
12651622;JMLR.org
12651623;World Scientific
12651624;GI
12651625;WorldScientific
12651626;USENIX Association
12651627;Atlantis Press
12651628;Morgan & Claypool Publishers
12651629;Cépaduès-Éditions
12651630;Hermann-Éditions
12651631;Éditions RNTI
12651632;Kluwer
12651633;Kluwer / Springer
12651634;Springer Vieweg
12651635;iospress
12651636;Springer / Atlantis Press
12651637;Eyrolles
12651638;GMD
12651639;Addison-Wesley
12651640;PWS Publishing Company
12651641;dpunkt.verlag
12651642;Vieweg
12651643;de Gruyter
12651644;Wiley
12651645;Prentice Hall
12651646;Plenum Press
12651647;O'Reilly
12651648;Spitz-Verlag
12651649;North-Holland
12651650;McGraw-Hill
12651651;Birkhäuser
12651652;SIAM
12651653;Pearson Studium
12651654;AK Peters
12651655;Indiana University Press
12651656;Oxford University Press
12651657;Edition Körber Stiftung
12651658;Verlag Technik
12651659;ACM
12651660;EPFL Press
12651661;vdf
12651662;Yourdon Press
12651663;IEEE
12651664;Vieweg+Teubner
12651665;Teubner
12651666;A K Peters
12651667;VDM
12651668;Infix
12651669;Morgan Kaufmann
12651670;Univeristätsverlag Karlsruhe
12651671;Springer Berlin Heidelberg
12651672;Pearson Education
12651673;Heise
12651674;dpunkt
12651675;Saur
12651676;BI-Wissenschaftsverlag
12651677;Macmillan
12651678;Irwin
12651679;Fink
12651680;Dekker
12651681;MIT Press
12651682;Artech House
12651683;Clarendon Press
12651684;Omnigena Verlag
12651685;Infix Akademische Verlagsgesellschaft
12651686;Oldenbourg
12651687;International Thomson
12651688;Hanser
12651689;Auerbach Publ.
12651690;Cybertech Publishing
12651691;Univ. Twente
12651692;Dover Publications
12651693;CSLI Publications
12651694;Universiteit Amsterdam
12651695;Pearson / Addison Wesley
12651696;Sybex
12651697;Rowman & Littlefield
12651698;Univ. Nijmegen
12651699;Campus-Verl.
12651700;Sigma Press
12651701;van Haren Publishing
12651702;Spektrum
12651703;Wissenschaftliche Buchgesellschaft
12651704;Fischer
12651705;MITP
12651706;SpringerVieweg
12651707;Addison-Wesley-Longman
12651708;Markt und Technik
12651709;QUE
12651710;Deutscher Universitätsverlag
12651711;Coronet Books Hodder & Stoughton
12651712;Lawrence Erlbaum
12651713;Minerva-Publikation
12651714;Thomson
12651715;LAP Lambert Academic Publishing
12651716;Chapman & Hall
12651717;American Mathematical Society
12651718;Universiteit Twente
12651719;Information Science Reference
12651720;Ablex Publishing Corporation
12651721;Internat. Thomson Publ.
12651722;DUV
12651723;De Gruyter
12651724;Ecole Normale Supérieure de Lyon
12651725;Chapman&Hall/CRC Press
12651726;Jones and Bartlett Publishers
12651727;Van Nostrand Reinhold
12651728;SpringerGabler
12651729;North Oxford Acad.
12651730;Wichmann
12651731;Elsevier Morgan Kaufmann
12651732;Palgrave Macmillan
12651733;ISO/AFNOR
12651734;Galileo Business
12651735;Manning
12651736;Shaker
12651737;Network Theory Ltd
12651738;Pitman
12651739;InterEditions
12651740;VDI-Verlag
12651741;Chapman and Hall
12651742;Hüthig
12651743;Cold Spring Harbor Laboratory Press
12651744;Microsoft Press
12651745;College Publications
12651746;Diss.-Verl. NG Kopierladen
12651747;Science Press
12651748;Apress
12651749;Routledge
12651750;VolkswagenStiftung
12651751;Wiley-VCH
12651752;Sage Publications
12651753;Gabler
12651754;Wadsworth
12651755;Harvester Wheatsheaf
12651756;Information Geometers Ltd
12651757;Der Andere Verlag
12651758;IT Press
12651759;Mainz
12651760;Wolters Kluwer Law
12651761;Logos
12651762;Dt. Taschenbuch-Verlag
12651763;HarperCollins
12651764;"Addison-Wesley-Longman; ACM Press"
12651765;Bundesministerium für Wirtschaft
12651766;Benjamin/Cummings
12651767;University
12651768;Primus
12651769;Addison Wesley
12651770;Heldermann
12651771;Turing Institute Pr.
12651772;Kovač
12651773;Physica-Verlag
12651774;Princeton University Press
12651775;Athena Scientific
12651776;Bibliopolis
12651777;Computer Science Press
12651778;Pergamon Press
12651779;AKA
12651780;CSLI
12651781;SunSoft Press
12651782;Cuvillier
12651783;Intellect Books
12651784;Südwestdeutscher Verlag für Hochschulschriften
12651785;Pirrot
12651786;Copernicus Books / Springer
12651787;ACM / Morgan & Claypool
12651788;Digital
12651789;Vieweg+Teubner Verlag
12651790;Logos Verlag
12651791;Verl. d. Fachvereine
12651792;v. Decker
12651793;Advanced Technology
12651794;Ellis Horwood
12651795;Universität Potsdam
12651796;Bundesministerium des Innern
12651797;Bundesminister für Forschung und Technologie
12651798;Zuse K.G.
12651799;Macmillan Publ.
12651800;TU Wien
12651801;Blueprint
12651802;Academic Service
12651803;Liguori
12651804;Edition Ergon
12651805;Microsoft Pr.
12651806;SIGS Books
12651807;Wissenschaftsrat
12651808;CWI
12651809;Lambert Publishing
12651810;Deutsch
12651811;Lothar Seidel Verlag
12651812;Nova Science Publishers
12651813;Sierke Verlag
12651814;Eurographics Association
12651815;INMOS Limited
12651816;Pearson / Prentice Hall
12651817;Univ. Leuven Heverlee
12651818;W. W. Norton & Company
12651819;Spektrum Akadem. Verl.
12651820;Imperial College Press
12651821;DDIAlliance.org
12651822;Spektrum Akademischer Verlag
12651823;INSPEC
12651824;csunplugged.org
12651825;VDE-Verlag
12651826;Wilhelm Schickard Institut für Informatik
12651827;Brady Publishing
12651828;Fairmont Press
12651829;Rotbuch Verlag
12651830;Royal Institute of Technology
12651831;University Twente
12651832;GCA-Verlag
12651833;Nauka
12651834;INMOS
12651835;Wellesley-Cambridge Press
12651836;Technika
12651837;Univ. Utrecht
12651838;Ontos Verlag
12651839;University Amsterdam
12651840;AMS Chelsea Publishing
12651841;Naukova Dumka
12651842;Open Source Press
12651843;Utz
12651844;Presses Universitaires de France
12651845;Universität Tübingen
12651846;IBFI
12651847;GOCMAR
12651848;Muller
12651849;Lit-Verlag
12651850;Pentech Press
12651851;Oficyna Wydawnicza Politechniki Rzeszowskiej
12651852;Books on Demand GmbH
12651853;dissertation.de
12651854;CNRS
12651855;New Riders Publ.
12651856;Windcrest
12651857;Roberts, Maxwell J.
12651858;Beck
12651859;Belser Presse
12651860;Taylor and Francis
12651861;Free Press
12651862;Schmidt
12651863;Akademie Verlag
12651864;University of Hildesheim
12651865;Elsevier Spektrum Akadem. Verl.
12651866;de Gruyter Oldenbourg
12651867;SPIE
12651868;Open Univ.. Pr.
12651869;Bowker-Saur
12651870;Elsevier Spektrum Akademischer Verlag
12651871;Lannoo
12651872;Waite Group Press
12651873;University of Michigan Press
12651874;Brookings Institution Press
12651875;Holt, Rinehard and Winston
12651876;Clarendon
12651877;Norton
12651878;Mensch und Buch
12651879;Universität Bochum
12651880;Perseus Publishing
12651881;Hampton Press
12651882;Deutscher Wissenschaftsverlag
12651883;Mathematical Association of America
12651884;Cambridge Scholars Publishing
12651885;Rowohlt
12651886;Univ. of Chicago Press
12651887;Centre de Telematics and Information Technology
12651888;Sams.net
12651889;Rijksuniversiteit
12651890;Herbert Utz Verlag
12651891;Boyd and Fraser
12651892;Univ. Tilburg
12651893;University Uppsala
12651894;Reality Bites Publishing
12651895;Franzis
12651896;Lehmanns Media
12651897;Dümmler
12651898;Thomson Brooks/Cole
12651899;KPN Research
12651900;Libri Publishing
12651901;Wiley-Blackwell
12651902;Suhrkamp
12651903;HarperBusiness
12651904;TU Kaiserslautern
12651905;National Academy Press
12651906;Kendall / Hunt Publ.
12651907;Logos-Verlag
12651908;Urania-Verlag
12651909;Technomic Publishing Co. Inc.
12651910;Agis-Verlag
12651911;Aka Akademische Verlagsgesellschaft Aka GmbH, Berlin
12651912;IFB Verlag
12651913;PWS-KENT Publishing Company
12651914;No Starch Press
12651915;McGraw-Hill Book Company
12651916;University Delft
12651917;Smart Books
12651918;IRWIN
12651919;M&T Publishing
12651920;Hermann
12651921;Goldmann
12651922;Pflaum
12651923;Verlag Mainz
12651924;Lingen Verlag
12651925;Aufbau-Verlag
12651926;Universität Bremen
12651927;Blackwell
12651928;AAAI Press
12651929;Hermes
12651930;Hayden Books
12651931;Pearson
12651932;University Utrecht
12651933;SPC Lehrbuch Verlag
12651934;PHI Learning Private Limited
12651935;B.I.-Wissenschaftsverlag
12651936;Charles University
12651937;DBI
12651938;Association for Symbolic Logic
12651939;Computer Technology Research Corp.
12651940;Center for the Study of Language and Information
12651941;Junius Verl.
12651942;Editora Massoni
12651943;Society for Modeling and Simulation International
12651944;Ibidem-Verlag
12651945;JAIST
12651946;MacGraw-Hill
12651947;VS, Verl. für Sozialwissenschaften
12651948;XYZ Press
12651949;Dryden Press
12651950;Techne Press
12651951;Masson
12651952;IOP Publishing
12651953;Microsoft Press Deutschland
12651954;Gesellschaft für Informatik e.V.
12651955;Edition sigma
12651956;Books on Demand
12651957;Reich
12651958;Academic Internet Publ.
12651959;Wolfram's Verlag
12651960;Verlag der Augustinus Buchhandlung
12651961;American Scientific Publishers
12651962;Bundesminister für Forschung und Technology
12651963;Stanford University Press
12651964;Gulf Publishing Company
12651965;Narr Verlag
12651966;Manning Publications Company
12651967;Hybrid Publishers
12651968;Atto Producties Europe
12651969;Reidel
12651970;Butterworth-Heinemann
12651971;Techn. Univ.,
12651972;Mcclelland & Stewart
12651973;e-book
12651974;Academy Chicago Publications
12651975;Heinz Nixdorf Institut
12651976;Hanser Fachbuchverlag
12651977;Beuth
12651978;MG Books
12651979;Verlag Dr. Hut
12651980;Reston Publishing company, Inc.
12651981;Gosudarstvennyj Nauciyj Centr / Institut Fiziki Vysokich Ene
12651982;Ministerium für die Gleichstellung von Frau und Mann
12651983;Thomson Publishing
12651984;Universität
12651985;University Linköping
12651986;Interactive Software Engineering Inc.
12651987;Gordon and Breach
12651988;Pennsylvania State Univ. Pr.
12651989;Harcourt Brace Jovanovich
12651990;Wadsworth Publishing Company
12651991;Frank u. Timme
12651992;Harvard University Press
12651993;Ei3
12651994;Allworth Press
12651995;Dinges & Frick
12651996;Wolfram-Media
12651997;Pragmatic Programmers
12651998;Syngress Publishing / Elsevier
12651999;FZI
12652000;CreateSpace Independent Publishing Platform
12652001;Phoenix
12652002;SCS
12652003;Universiteit Enschede
12652004;American National Standards Institute
12652005;Mentis
12652006;VCH
12652007;Westfälisches Dampfboot
12652008;STQE Pub.
12652009;mi-Wirtschaftsbuch
12652010;artima
12652011;Ernst Freiberger-Stiftung
12652012;VSP
12652013;Bulgarian Acad. of Sciences
12652014;Holt, Rinehart and Winston
12652015;Frommann-Holzboog
12652016;Kohlhammer
12652017;iSTE / Wiley
12652018;Lang
12652019;Freeman
12652020;Berlin Story Verlag
12652021;Akademische Verlagsgesellschaft
12652022;Utz, Wiss. Verlag
12652023;Yale University Press
12652024;Routhledge
12652025;ASQC Quality Press
12652026;Selbstverl.
12652027;Bundesanstalt für Arbeitsschutz
12652028;General Books
12652029;Verlag Recht und Medien
12652030;Wm. C. Brown Publishers
12652031;rockynook
12652032;Psychology Press
12652033;KIT Scientific Publishing
12652034;JJG Publishing
12652035;Institute for Advanced Study
12652036;Bayerisches Staatsministerium für Unterricht, Kultus, Wissen
12652037;UVK Verlagsgesellschaft
12652038;Square Bracket Associates
12652039;Pragmatic Bookshelf
12652040;Compendio Bildungsmedien
12652041;Intel/Windcrest
12652042;Lua.org
12652043;MacMillan
12652044;Elektor-Verlag
12652045;VDF
12652046;Gocept
12652047;ISLE
12652048;Millin
12652049;TU Chemnitz
12652050;Editora da Universidade Estadual de Maringa
12652051;dslbook.org
12652052;TUDpress
12652053;Wadsworth Publishing
12652054;Alpha Books
12652055;SYBEX
12652056;Jackson Libri
12652057;TAB Books
12652058;Kovac
12652059;Manchester University Press
12652060;CS Press
12652061;Longman Scientific & Technical
12652062;Princeton Architectural Press
12652063;OIWIR Oldenburger Verlag für Wirtschaft, Informatik und Recht
12652064;Universität Mainz
12652065;Institut Fiziko-Techniceskoj Informatiki
12652066;IRM Press
12652067;Campus-Verlag
12652068;ISO
12652069;Verlag für Geschichte der Naturwissenschaften und der Technik
12652070;Syngress Publishing
12652071;Fachbuchverl.
12652072;SIGS Conferences GmbH
12652073;gegenstalt Verlag
12652074;Metador
12652075;Universität Hildesheim
12652076;Book Works
12652077;Berlin-Verl.
12652078;Universität der Bundeswehr
12652079;Basic Books
12652080;Merrill Publishing Company
12652081;Academia Richarz
12652082;Johns Hopkins University Press
12652083;Cornelsen
12652084;European Mathematical Society
12652085;TAB BOOKS Inc.
12652086;Dagstuhl
12652087;Allyn and Bacon, Inc.
12652088;Guilford Press
12652089;Universität Stuttgart
12652090;Europäischer Wirtschaftsverlag
12652091;Vintage Books
12652092;Dissertation.de
12652093;Gesellschaft für Mathematik und Datenverarbeitung
12652094;Verlag Natur & Wissenschaft
12652095;Digital Press
12652096;Iwanami
12652097;Penguin Books
12652098;Libraries Unlimited
12652099;IPA
12652100;M & T
12652101;Chapman&Hall/CRC
12652102;IGI Publishing
12652103;IMS Global Learning Consortium
12652104;Centrum für eCompetence in Hochschulen NRW
12652105;Univ. of Alabama Press
12652106;VEB Deutscher Verlag der Wissenschaften
12652107;Stauffenburg
12652108;Midas Verlag
12652109;NTIS
12652110;Mouton De Gruyter
12652111;Markt & Technik Verl./Pearson Education
12652112;ISTE Press
12652113;ESRI
12652114;University Tilburg
12652115;Whittles Publishing
12652116;Thieme
12652117;Sportverlag Strauß
12652118;Verlags-Haus Monsenstein und Vannerdat
12652119;Heinemann
12652120;Lehmann
12652121;Wissenschaft & Technik Verlag
12652122;Deutscher Taschenbuch Verlag
12652123;Taschen
12652124;COD Verlag
12652125;Idea Group Publishing
12652126;PTT Research
12652127;Key College Publishing
12652128;Eigenverlag G. Sandner und H. Spengler
12652129;Arnold
12652130;IWT
12652131;Kopaed
12652132;Plume
12652133;Dorset House Publishing
12652134;Hoppenstedt & Wolff
12652135;Drumnadrochit Press
12652136;Boorberg
12652137;Brooks/Cole
12652138;Cisco Press
12652139;Silicon Press
12652140;ETS Editrice
12652141;University Göteborg
12652142;Houghton Mifflin Company
12652143;Ilife Books
12652144;Universität Freiburg
12652145;Dynamic Ideas
12652146;Selbstverlag
12652147;BLV
12652148;Datakontext-Verlag
12652149;Röhrig Universitätsverlag
12652150;Deutsches Rechenzentrum
12652151;Universitas Wasaensis
12652152;Kessel
12652153;Graphics Press
12652154;Open University Press
12652155;Fachbuchverlag
12652156;Warner Books
12652157;SAMS
12652158;Copernicus
12652159;Markt + Technik Verl.
12652160;Verlag f. Berlin-Brandenburg
12652161;Martinus Nijhoff Publishers
12652162;Waseda University
12652163;btb
12652164;Lexington Books
12652165;Metzler
12652166;R. Müller
12652167;Jones and Bartlett
12652168;Third Millenium Publishing
12652169;River Publishers
12652170;Izd. Moskovskogo Univ.
12652171;Ponsen & Looijen
12652172;Research Studies Press
12652173;Wheatsheaf
12652174;BIOS Scientific Publishers
12652175;Thunder's Mouth Press
12652176;Institution of Engineering and Technology IET
12652177;Sun Microsystems Laboratories
12652178;TCW
12652179;SunService Schulungszentrum
12652180;Wiley / IEEE
12652181;CIP-Gegevens Koninklijke Bibliotheek
12652182;Der Andere Verlag, Uelvesbüll, Germany
12652183;Wiley-Teubner
12652184;Collins
12652185;DeGruyter
12652186;Princeton University Press / DeGruyter
12652187;DeGruyter Oldenbourg
12652188;IEE Press
12652189;C&L Computer und Literaturverlag
12652190;John Benjamins
12652191;IGI
12652192;Editions Marie-France, Canada
12652193;Association for Computing Machinery
12652194;ACM Press and Addison-Wesley
12652195;Yale Univ. Press
12652196;Sage
12652197;Prentice-Hall
12652198;Prentice Hall PTR
12652199;SAGE
12652200;Addison- Wesley
12652201;Luchterhand
12652202;Digital Pr.
12652203;Erlbaum
12652204;Harper Collins
12652205;Cambridge Univ. Press
12652206;Acad. Press
12652207;Stata Press
12652208;Herbert von Halem Verl.
12652209;Kaufmann
12652210;Elsevier/ Morgan Kaufmann
12652211;Syngress, an imprint of Elsevier
12652212;Erlbaum, Taylor & Francis Group
12652213;North-Holland Publ.
12652214;Oxford Univ. Press
12652215;Pergamon Pr.
12652216;Chapman & Hall/CRC
12652217;Harvard Univ. Pr.
12652218;Pearson-Prentice-Hall
12652219;Interscience Publ.
12652220;Springer Gabler
12652221;Peters
12652222;MIT Pr.
12652223;Syngress
12652224;Princeton Univ. Press
12652225;Pearson Prentice-Hall
12652226;TELOS
12652227;SIAM, Society for Industrial and Applied Mathematics
12652228;Prentice Hall, Pearson Education International
12652229;Harvard Business School Press
12652230;Morgan Kaufmann, Elsevier
12652231;Borntraeger
12652232;Soc. for Industrial and Applied Math.
12652233;Schweizerbart
12652234;Verein Deutscher Ingenieure VDI, Düsseldorf
12652235;iTuring
12652236;University of Passau, Germany
12652237;Akadéniai Kiadó, Budapest, Hungary
12652238;Transcript
12652239;Facet Publishing
12652240;Humana Press
12652241;Ashgate
12652242;transcript Verlag
12652243;Verlag Neue Zürcher Zeitung
12652244;Nomos
12652245;Waxmann
12652246;Macmillan Education UK
12652247;University of Chicago Press
12652248;Signiform
12652249;Piper
12652250;Czwalina Verlag
12652251;Gower Publ.
12652252;American Psychological Association
12652253;Royal Society of Chemistry
12652254;CRC Press / Taylor & Francis
12652255;CRC Press / Chapman and Hall / Taylor & Francis
12652256;A K Peters / Taylor & Francis
12652257;A K Peters/CRC Press
12652258;Auerbach Publications / Taylor & Francis
12652259;Chapman & Hall / Taylor & Francis
12652260;W. H. Freeman
12652261;Microsoft Research
12652262;Verlag Shaker, Aachen
12652263;Suomalainen Tiedeakatemia, Helsinki
12652264;European Mathematical Society Publishing House, Zürich, Switzerland
12652265;Butterworth
12652266;The MIT Press and McGraw-Hill Book Company
12652267;WCB/McGraw-Hill
12652268;McGraw-Hill Osborne Media
12652269;IOS Press, Amsterdam
12652270;Verlag TÜV Rheinland
12652271;Oldenbourg Wissenschaftsverlag
12652272;Oldenbourg Verlag, Müchen, Wien
12652273;Oldenbourg / De Gruyter
12652274;Pitman / Morgan Kaufmann
12652275;Elsevier / Morgan Kaufmann
12652276;Morgan Kaufmann / Elsevier
12652277;M&T Books
12652278;Harwood Academic publishers
12652279;Chapman and Hall/CRC Press
12652280;Chapman and Hall/CRC Press/Taylor & Francis
12652281;Computer Science Press / W. H. Freeman
12652282;Vieweg + Teubner
12652283;Harper & Row
12652284;Verlag Werner Hülsbusch
12652285;Taylor Graham
12652286;Fischer Taschenbuch Verlag
12652287;Emerald
12652288;W. W. Norton, New York
12652289;Institution of Engineering and Technology
12652290;IET
12652291;CSLI Publications, Stanford, CA
12652292;Oldenbusch Verlag
12652293;Carl Hanser Verlag
12652294;Carl Hanser Verlag / Prentice Hall
12652295;Wiley-IEEE Press
12652296;Wiley-ISTE
12652297;John Wiley
12652298;GeoInformation International / John Wiley
12652299;John Wiley & Sons, Ltd
12652300;QED Publishing Group/John Wiley
12652301;John Wiley & Sons
12652302;AAAI/MIT Press
12652303;The MIT Press
12652304;Imperial College Press / World Scientific
12652305;World Scientific / Imperial College Press
12652306;lulu.com
12652307;IEEE Computer Society
12652308;Wiley/IEEE Press
12652309;MITP-Verlag
12652310;mitp-Verlag
12652311;International Thompson Publishing
12652312;mitp-Verlag, Redline GmbH
12652313;Garland Publishing, New York
12652314;Lambert Academic Publishing
12652315;LAP Lambert Academic Publishing , Germany
12652316;dpunkt / Morgan Kaufmann
12652317;Morgan Kaufmann/Elsevier
12652318;Elsevier Science B.V./North-Holland
12652319;Academic Press / Elsevier
12652320;Elsevier and MIT Press
12652321;Morgan Kaufmann / Academic Press / Elsevier
12652322;North-Holland / Elsevier
12652323;ISTE Press - Elsevier
12652324;Pergamon Press / Elsevier
12652325;North Holland / Elsevier
12652326;Springer Singapore
12652327;Birkhäuser / Springer
12652328;Apress open / Springer
12652329;Palgrave
12652330;Kluwer/Springer
12652331;Vieweg+Teubner Verlag / Springer
12652332;Springer Spektrum
12652333;Birkhäuser Basel
12652334;Kluwer / Springer US
12652335;Birkhäuser/Springer
12652336;Springer Fachmedien Wiesbaden
12652337;Copernicus Books, an imprint of Springer-Verlag
12652338;Springer New York
12652339;Teubner / Springer
12652340;Springer, New York
12652341;APress
12652342;Springer Netherlands
12652343;Springer Vieweg Wiesbaden
12652344;Infix Verlag, St. Augustin, Germany
12652345;Infix Verlag
12652346;Bock + Herchen, Bad Honnef
12652347;Verlag Anton Hain, Meisenheim (am Glan)
12652348;Simon & Schuster
12652349;Aulis-Verlag Deubner, Köln
12652350;Quoi?
12652351;PHI Learning, Delhi, India
12652352;Australian National University
12652353;Hamburg University Press, Germany
12652354;www.jjj.de
12652355;Grand Central Publishing / Hurst Publishers
12652356;Verlag für neue Wissenschaft, Bremerhaven
12652357;Amazon
12652358;FrancoAngeli
12652359;Simon & Schuster / Little, Brown
12652360;Praesens Verlag, Wien
12652361;Ellis Horwood Ltd
12652362;Ellis Horwood/Halsted Press/Wiley
12652363;1996
12652364;Kluwer Academic Publishers, Boston
12652365;Yourdon Press / Prentice-Hall
12652366;Pearson Education Ltd., Harlow, England
12652367;ACM Press / Addison-Wesley
12652368;Addison-Wesley & ACM Press
12652369;Idea Group
12652370;Bibliographisches Institut
12652371;Hans Huber Verlag
12652372;Edward Arnold and Halsted Press
12652373;PMLR
12652374;CEUR-WS.org
12652375;ScitePress
12652376;SCITEPRESS
12652377;NASA Ames Research Center
12652378;Association for Computational Linguistics
12652379;ISCA
12652380;Gesellschaft für Informatik, Bonn
12652381;International University, Bruchsal, Germany
12652382;Universität Magdeburg, Fakultät für Informatik
12652383;Technische Universität Kaiserslautern
12652384;Fakultät für Informatik, Universität Magdeburg
12652385;Verlagshaus Mainz, Aachen
12652386;KIT Scientific Publishing, Karlsruhe
12652387;RWTH Aachen University
12652388;ONERA, The French Aerospace Lab
12652389;IFIP
12652390;EasyChair
12652391;World Scientific Publishing
12652392;ACM / ICST
12652393;SciTePress
12652394;Rechenzentrum der Ruhr-Universität, Bochum, Germany
12652395;North-Holland Publishing Company
12652396;Hacks Hackers
12652397;INRIA
12652398;Hermès Lavoisier
12652399;Hermès
12652400;Ecole Polytechnique Fédérale de Lausanne, CH
12652401;INRIA Rhônes-Alpes - IMAG-LIFIA
12652402;CSREA Press
12652403;IEEE-CS
12652404;Schloss Dagstuhl - Leibniz-Zentrum für Informatik
12652405;Edizioni Libreria Progetto, Padova
12652406;ERCIM
12652407;Curran Associates
12652408;Curran Associates, Inc.
12652409;Universidad de las Fuerzas Armadas ESPE
12652410;IASTED/ACTA Press
12652411;IEEE/ACM
12652412;IEEE / ACM
12652413;IEEE Computer Society / ACM
12652414;INSDOC, Bangalore
12652415;ACM/IEEE Computer Society
12652416;The Association for Computer Linguistics
12652417;International Committee for Computational Linguistics
12652418;Asian Federation of Natural Language Processing
12652419;ACL
12652420;Asian Federation of Natural Language Processing / ACL
12652421;SPIE/IS&T
12652422;Ingenta
12652423;CODATA
12652424;Hemisphere Publishing Corporation
12652425;Begell House, Inc.
12652426;Europia
12652427;International Committee on Computational Linguistics (ICCL)
12652428;Association for Computational Linguistics and Dublin City University
12652429;The COLING 2016 Organizing Committee
12652430;IFIP Working Group on Algol / ACM
12652431;Queensland University of Technology
12652432;IEEE Compute Society
12652433;UnB
12652434;UFU
12652435;SBC
12652436;COPPE/UFRJ
12652437;CEFET-PB
12652438;UFAM
12652439;UFRGS
12652440;UFSC
12652441;ISRST
12652442;Departamento de Sistemas Informaticos y Computacion, Universidad Politecnica de Valencia
12652443;Australian Computer Society
12652444;University of Technology Sydney, Australia
12652445;Cuvillier Verlag, Göttingen
12652446;Akademische Verlagsgesellschaft Aka GmbH
12652447;GITO-Verlag, Berlin
12652448;SCS Publishing House e.V.
12652449;Universitätsverlag Göttingen
12652450;INCOMA Ltd.
12652451;RANLP 2011 Organising Committee
12652452;INCOMA Ltd. Shoumen, BULGARIA
12652453;RANLP 2009 Organising Committee / ACL
12652454;RANLP 2013 Organising Committee / ACL
12652455;John Benjamins, Amsterdam/Philadelphia
12652456;RANLP 2015 Organising Committee / ACL
12652457;WAHC@ACM
12652458;Austrian Computer Society
12652459;Hermes Science
12652460;AAAI
12652461;Auerbach
12652462;BCS
12652463;ICST / IEEE
12652464;ICST / ACM
12652465;ICST/ACM
12652466;Linköping University Electronic Press
12652467;University of Twente
12652468;University of Milan
12652469;Schloss Dagstuhl - Leibniz-Zentrum für Informatik, Germany
12652470;Internationales Begegnungs- und Forschungszentrum fuer Informatik (IBFI), Schloss Dagstuhl, Germany
12652471;Schloss Dagstuhl - Leibniz-Zentrum fuer Informatik, Germany
12652472;Internationales Begegnungs- und Forschungszentrum für Informatik (IBFI), Schloss Dagstuhl, Germany
12652473;IBFI, Schloss Dagstuhl, Germany
12652474;Kluwer Academic Publishers
12652475;Verlagshaus Mainz, Aachen, Germany
12652476;IBFI, Dagstuhl
12652477;Verlag C. H. Beck
12652478;Metropolis-Verlag
12652479;BI Wissenschaftsverlag
12652480;www.educationaldatamining.org
12652481;International Educational Data Mining Society (IEDMS)
12652482;International Educational Data Mining Society
12652483;ACM/IEEE
12652484;IEEE Computer Society Press
12652485;IEEE Robotics and Automation Society
12652486;Departamento de Informática, Universidade de Évora
12652487;Facultad de Informática, Universidad Politécnica de Madrid
12652488;Physica-Verlag Heidelberg New York, A Springer-Verlag Company
12652489;Roskilde University
12652490;University of Lisbon, Portugal
12652491;computationalcreativity.net
12652492;Association for Computational Creativity (ACC)
12652493;Sony CSL Paris, France
12652494;Lavoisier
12652495;Hermes Lavoisier Editions
12652496;Cepadues Editions
12652497;Cépaduès
12652498;Hermès Lavoisier Editions
12652499;Cépaduès Éditions
12652500;BMVA
12652501;ICST/IEEE
12652502;Yale University
12652503;ACM Press
12652504;University of Melbourne, Australia, Department of Computer Science
12652505;University of Aarhus
12652506;CID
12652507;CID - Le Centre de Hautes Etudes Internationales D'Informatique Documentaire
12652508;Carnegie Mellon University
12652509;CIACO
12652510;University of Waterloo Press
12652511;Physica-Verlag, Heidelberg
12652512;Association for Information Systems
12652513;Technische Universität Clausthal
12652514;University of Magedeburg, Faculty of Computer Science
12652515;Institut für Technische und Betriebliche Informationsssysteme, Fakultät für Informatik, Otto-von-Guericke-Universität Magdeburg
12652516;Virginia Tech University Libraries
12652517;Society for Industrial and Applied Mathematics
12652518;The Society for Computer Simulation
12652519;University of Orléans, France
12652520;Case Western Reserver University, Cleveland
12652521;IRISA, Campus de Beaulieu, France
12652522;Katholieke Universiteit Leuven, Department of Computer Science, Celestijnenlaan 200A, B-3001 Heverlee (Belgium)
12652523;Klein Publishing GmbH / Chalmers University of Technology, Department of Architecture and Civil Engineering
12652524;Academic Conferences Limited, Reading, UK
12652525;Simulation Councils, Inc.
12652526;Society for Computer Simulation International / ACM DL
12652527;ACM/SIAM
12652528;Newswood Limited
12652529;JCIS / Association for Intelligent Machinery, Inc.
12652530;Bangladesh Academy of Sciences (BAS)
12652531;British Computer Society
12652532;IOS press
12652533;University of Plymouth
12652534;UFMG
12652535;Federal University of Parana
12652536;IEEE Computer Socity
12652537;USENIX
12652538;EUROSIS
12652539;?
12652540;International Community for Auditory Display
12652541;Institute of Electronic Music and Acoustics (IEM), University of Music and Performing Arts Graz (KUG), Austria
12652542;European Language Resources Association
12652543;PUG
12652544;Tsinghua University Press
12652545;Knowledge Systems Institute Graduate School
12652546;KSI Research Inc. and Knowledge Systems Institute Graduate School
12652547;Knowledge Systems Institute
12652548;KSI Research Inc.
12652549;North-Holland/Elsevier
12652550;INSTICC Press
12652551;aka / IOS Press / infix
12652552;IOS Press / infix
12652553;Otto-von-Guericke-Universität Magdeburg, Fakultät für Informatik
12652554;Infix, Sankt Augustin
12652555;Fraunhofer Verlag
12652556;Springer Vienna
12652557;International Society of the Learning Sciences
12652558;L. Erlbaum Associates Inc. Hillsdale, NJ, USA
12652559;International Society of the Learning Sciences / ACM DL
12652560;International Society of the Learning Sciences, LuLu, Amazon
12652561;Technische Universität Darmstadt, Insitute of Microelectronic Systems
12652562;George Washington University
12652563;Australasian Language Technology Association
12652564;AMIA
12652565;Universidad de Las Palmas de Gran Canaria
12652566;International Conference on Computational Linguistics
12652567;VDE / IEEE
12652568;University of Kaiserslautern, Computer Science
12652569;MATFYZPRESS Publishing House of the Faculty of Mathematics and Physics Charles University in Prague / ACL
12652570;Uppsala University, Department of Linguistics and Philology
12652571;Intellect Books and Kluwer Academic Publishers
12652572;North-Holland/IFIP
12652573;UNESCO (Paris)
12652574;Oldenbourg, Munich
12652575;Butterworths, London
12652576;International Federation of Automatic Control
12652577;ARPA
12652578;University of Glasgow and St. Andrew's
12652579;Springer and British Computer Society
12652580;Editions Suger, Paris
12652581;EDA Consortium, San Jose, CA, USA
12652582;European Design and Automation Association, Leuven, Belgium
12652583;European Design and Automation Association
12652584;EDA Consortium San Jose, CA, USA / ACM DL
12652585;Universitätsverlag Rudolf Trauner, Linz, Austria
12652586;IEEE Computer Soecity
12652587;IEEE Computer Society / North-Holland
12652588;DMTCS
12652589;Luniver Press, Frome, UK
12652590;International Committee on Computational Linguistics
12652591;Trinity College Dublin
12652592;IIIS
12652593;DFKI, Kaiserslautern
12652594;University of Bern, Switzerland
12652595;ACM / IEEE Computer Society
12652596;Department of Computer Science, University of Melbourne
12652597;Gesellschaft für Mathematik und Datenverarbeitung MbH
12652598;University of Wisconsin
12652599;GMD, Sankt Augustin, Germany
12652600;GMD - German National Research Center for Information Technology
12652601;Kansas State University
12652602;Gesellschaft für Mathematik und Datenverarbeitung MBH
12652603;Universitätsverlag Potsdam
12652604;IEEE / IFIP
12652605;ERGON Verlag
12652606;City University of Hong Kong
12652607;Archives & Museum Informatics, Pittsburgh, PA, USA
12652608;AISeL
12652609;HAL
12652610;The Society for Modeling and Simulation International (SCS)
12652611;ACM / IW3C2
12652612;International World Wide Web Conferences Steering Committee / ACM
12652613;TERENA
12652614;Bibsys Open Journal Systems, Norway
12652615;Hermes Science Publications
12652616;Editions RNTI
12652617;D-Facto public
12652618;AFCET
12652619;De Gruyter Oldenbourg
12652620;Oldenbourg Verlag, Munich
12652621;Gesellschaft für Informatik
12652622;Springer-Verlag, Wien
12652623;Department of Computer Science, University of Cyprus
12652624;IS&T - The Society for Imaging Science and Technology
12652625;FernUniversität Hagen, Germany
12652626;Unjiversity of Trier
12652627;MITRE Corporation Press
12652628;National Institute of Standards and Technology,
12652629;National Institute of Standards and Technology (NIST)
12652630;European Society for Socially Embedded Technologies (EUSSET)
12652631;IRIT Press Toulouse, France / ACM DL
12652632;IOS
12652633;Lawrence Erlbaum Associates
12652634;Research Publishing
12652635;University of Manitoba, Department of Computer Science
12652636;University of Maribor Press
12652637;OpenReview.net
12652638;VDE Verlag
12652639;VDE Verlag / IEEE Xplore
12652640;Universität Jena, Institut für Informatik
12652641;AUAI Press
12652642;Carleton Scientific, Waterloo, Ontario, Canada
12652643;North-Holland, Amsterdam
12652644;Edinburgh University Press
12652645;Ohmsha
12652646;Springer/Ohmsha
12652647;Humboldt-Universität Berlin
12652648;Shaker Verlag
12652649;UVK
12652650;Institute of Informatics, University of Szeged, Hungary
12652651;MV-Wissenschaft
12652652;dpunkt.verlag/Copublication with Morgan-Kaufmann
12652653;The Publishing House of the Romanian Academy
12652654;Amsterdam University Press
12652655;RAM-Verlag
12652656;Menha Publications
12652657;Editura Academiei Române, Bucuresti
12652658;Hochschulverband für Informationswissenschaft
12652659;Springer-Verlag, Singapore
12652660;ITMO University
12652661;Technische Universiteit Eindhoven
12652662;Ben-Gurion University of the Negev
12652663;VDE
12652664;Computer Measurement Group
12652665;Euro-Arab Management School
12652666;Operational Research Society
12652667;University of St. Gallen
12652668;Cork Publishing Ltd
12652669;Nijenrode University Press
12652670;Copenhagen Business School
12652671;TU Bergakademie Freiberg
12652672;VDE Verlag GmbH, Berlin, Offenbach
12652673;International Workshop on Spoken Language Translation
12652674;International Conference on Spoken Language Translation
12652675;AISB
12652676;SIAM / Omnipress
12652677;Springer, Singapore
12652678;Plymouth University
12652679;SIPTA
12652680;Carleton Scientific
12652681;TU Braunschweig, Institut für Software Systems Engineering
12652682;fortiss GmbH, München
12652683;IEEE Computer Society and North-Holland
12652684;Brandenburg Technical University
12652685;ER Institute
12652686;MCCME Publishing House, Moscow
12652687;Turku Center for Computer Science
12652688;American Association for Artificial Intelligence (AAAI)
12652689;The Association for Computational Linguistics
12652690;OFFIS-Institut für Informatik
12652691;HNI-Verlagsschriften
12652692;MoPress
12652693;Universitätsbibliothek Berlin, Germany
12652694;Institut für Angewandte Mikroelektronik und Datentechnik, Fakultät für Informatik und Elektrotechnik, Universität Rostock
12652695;Sächsische Landesbibliothek
12652696;Verlag Dr. Kovac
12652697;Fraunhofer Institut für Integrierte Schaltungen
12652698;Albert-Ludwigs-Universität Freiburg
12652699;IUT Metz
12652700;ÚFAL MFF UK
12652701;ICCC Press, Washington DC, USA
12652702;Verlag für Wissenschaft und Forschung
12652703;Research Group on Mathematical Linguistics, Universitat Rovira i Virgili, Tarragona
12652704;DELOS: a Network of Excellence on Digital Libraries
12652705;DELOS: an Association for Digital Libraries / Department of Information Engineering of the University of Padua
12652706;DELOS: an Association for Digital Libraries
12652707;Department of Computer Science, The University of Western Ontario, Canada
12652708;Università degli Studi di Milano, Milan, Italy
12652709;University of Kosice, Slovakia
12652710;Fakultät für Informatik, Universität Magdeburg, Magdeburg, Germany
12652711;University of Prince Edward Island
12652712;MTA SZTAKI, Hungarian Academy of Sciences, Budapest, Hungary
12652713;New Mexico State University, Las Cruces, New Mexico, USA
12652714;School of Computer and Information Science, Edith Cowan University, Western Australia
12652715;Univ. Montpellier II
12652716;Carnegie Mellon University / ISCA
12652717;The Association for Computational Linguistics and Chinese Language Processing (ACLCLP)
12652718;Association for Computational Linguistics and Chinese Language Processing (ACLCLP), Taiwan
12652719;Coling 2010 Organizing Committee
12652720;Psychology of Programming Interest Group
12652721;European Language Resources association
12652722;U.S. Army
12652723;ICST
12652724;MIT
12652725;MIT Information Quality Program
12652726;HPI/MIT
12652727;Alarcos Research Group (UCLM)
12652728;European Language Resources Association (ELRA)
12652729;The Prolog Association of Japan
12652730;SCS/ACM
12652731;Society for Computer Simulation International / ACM
12652732;SCS Europe
12652733;Peter Lang
12652734;BA-University Stuttgart
12652735;GSLIS Publications
12652736;The European Organisation for International Research Information
12652737;Technical Information Department, Lawrence Berkeley Laboratory, University of California, Berkeley CA
12652738;Sociedade Brasileira de Computação
12652739;Dublin Core Metadata Initiative
12652740;ICMC/USP
12652741;Society for Design and Process Science, 1302 West 25th Street, Suite 300, Austin, TX 78705-4236, USA
12652742;Oldenbourg Verlag
12652743;Gesellschaft für Informatik e.V. Und German UPA e.V.
12652744;Gesellschaft für Informatik e.V. und German UPA e.V.
12652745;GI / ACM
12652746;OCG
12652747;German UPA e.V.
12652748;Gesellschaft für Informatik e.V. / German UPA e.V.
12652749;Universitätsverlag Chemnitz
12652750;Verlag der Bauhaus-Universität Weimar
12652751;SPIN@ACM
12652752;University of Alberta
12652753;Digital Games Research Association
12652754;Digital Games Research Association/Society for the Advancement of the Science of Digital Games
12652755;IET / IEEE
12652756;The Internet Society
12652757;ibai Publishing
12652758;KSI Research Inc. / Knowledge Systems Institute Graduate School
12652759;Verlag der Technischen Universitaet Graz
12652760;University of Miami
12652761;International Society for Music Information Retrieval
12652762;FEUP Edições
12652763;Carleton University Press
12652764;IEEE Computer Society/
12652765;Universidad del Sinu
12652766;Elsevier Science Publishers
12652767;Max-Planck-Institut für Informatik, Saarbrücken, Germany
12652768;Mathematical Sciences Institute, Cornell University
12652769;Uppsala University
12652770;ADDP-GIA
12652771;Tekniske Høgskole, University of Trondheim, Trondheim, Norway
12652772;Núcleo de Intelligência Artificial, Universidade Nova De Lisboa, Portugal
12652773;Uppsala University, Computing Science Departent
12652774;"Global Publications Service, Singapore; Distributed by World Scientific"
12652775;Mathematical Institute of the Slovak Academy of Sciences
12652776;Silesian University, Institute of Computer Science, Opava, Czech Republic
12652777;MMV Medizin Verlag
12652778;Der Andere Verlag, Tönning
12652779;Editora PUC-Rio
12652780;WERpapers
12652781;Intellect Ltd., Oxford
12652782;Plymouth University, UK
12652783;INSTICC - Institute for Systems and Technologies of Information, Control and Communication
12652784;Brazilian Special Interest Group on Natural Language Processing
12652785;Brazilian Computer Society
12652786;Junction Publishing, Canada / ACM
12652787;Junction Publishing, Canada/ ACM
12652788;Product & Systems Internationalisation, Inc.
12652789;Backhouse Press
12652790;W3C
12652791;IICAI
12652792;CWI/ACM
12652793;LNEC, Lisbon, Portugal
12652794;ISCRAM Association
12652795;Simon Fraser University, Vancouver, Canada
12652796;ISCRAM, Seattle, USA
12652797;Department of Computer Science and Engineering, Faculty of Electrical Engineering, Czech Technical University
12652798;Prague Stringology Club, Department of Theoretical Computer Science, Faculty of Information Technology, Czech Technical University in Prague
12652799;Czech Technical University in Prague, Faculty of Information Technology, Department of Theoretical Computer Science
12652800;Department of Theoretical Computer Science, Faculty of Information Technology, Czech Technical University in Prague
12652801;Prague Stringology Club, Department of Computer Science and Engineering, Faculty of Electrical Engineering, Czech Technical University in Prague
12652802;University of Stuttgart
12652803;WSC
12652804;Canadian Artificial Intelligence Association
12652805;Harrassowitz
12652806;Centre for Telematics and Information Technology (CTIT), University of Twente, Enschede, The Netherlands
12652807;ISEN Yncréa Méditerranée / Association for Information Systems
12652808;Lund University / Association for Information Systems
12652809;Universitat Politècnica de València / Association for Information Systems
12652810;University of Economics in Katowice / Association for Information Systems
12652811;Université de Montréal
12652812;Benja Publishing, Lokve, Croatia
12652813;Presses Universitaires de Namur
12652814;NIST
12652815;Michigan Publishing
12652816;Indeks Verlag, Frankfurt Main
12652817;Universität Ulm, Germany
12652818;Ludwig Maximilians Universität München
12652819;Technische Universität Wien, Austria
12652820;Institut für Informatik der Universität Zürich
12652821;SCS/ ACM
12652822;Acta Press
12652823;National University of Singapore
12652824;Clarendon Press, Oxford
12652825;IEEE Signal Processing Society
12652826;World Scientific, Singapore
12652827;Aristotle University of Thessaloniki
12652828;Faculty of Computer Science and Information Technology, Riga Technical University, Riga, Latvia
12652829;FEUP Edições, Porto
12652830;Brazilian Computer Society / ACM
12652831;Universitätsverlag Rudolf Trauner, Linz
12652832;Hanser, Munich
12652833;Trauner, Linz
12652834;Carl Hanser Verlag München Wien
12652835;Netherlands Geodetic Commission
12652836;University of Karlsruhe, Institut für Programmstrukturen und Datenorganisation
12652837;cognitivesciencesociety.org
12652838;IADIS
12652839;IADIS Press
12652840;UNITEC Institute of Technology, Auckland, New Zealand
12652841;Éditions Universitaires d'Avignon
12652842;ARIA
12652843;Université de Saint-Étienne
12652844;LSIS-USTV
12652845;Université de Renne 1
12652846;ARIA-GRCE
12652847;UNINE
12652848;Université de Lyon
12652849;Centre de Publication Universitaire
12652850;AACE
12652851;McGraw-Hill, New Dehli, India
12652852;Computer Society of India
12652853;Allied Publishers
12652854;Tata McGraw-Hill
12652855;Computer Society of India / Allied Publishers
12652856;Tata McGraw-Hill Publishing Company Limited
12652857;University of Michigan
12652858;ICEIS Press
12652859;Max-Planck-Institut für Informatik
12652860;Università Ca' Foscari di Venezia
12652861;Physika Verlag
12652862;ACM / IEEE
12652863;www.cidrdb.org
12652864;Intellect
12652865;Shizuoka University of Art and Culture
12652866;University of British Columbia, Media and Graphics Interdisciplinary Center (MAGIC)
12652867;nime.org
12652868;Faculty of Music, McGill University
12652869;Media Lab Europe
12652870;IRCAM - Centre Pompidou in collaboration with Sorbonne University
12652871;TEKNEA
12652872;Hermes/Lavoisier
12652873;Global Wordnet Association
12652874;University of Tartu Press
12652875;Universitätsverlag Konstanz
12652876;IEEE-CS Press
12652877;DIMACS/AMS
12652878;AAAI Press / The MIT Press
12652879;AAAI Press/MIT Press
12652880;NLP Association of India
12652881;NLP Association of India (NLPAI)
12652882;Universitätsdruckerei Rostock, Germany / ACM
12652883;VTT Technical Research Centre of Finland / ACM
12652884;Mediamatica, Delft University of Technology, The Netherlands / ACM
12652885;Matrix Rom
12652886;ISSI Society
12652887;ICST / IEEE Computer Society
12652888;Central Institute for Applied Mathematics, Jülich, Germany
12652889;Österreichische Computer Gesellschaft
12652890;ACM/Addison-Wesley
12652891;Rudjer Boskovic Institute, Zagreb, Croatia
12652892;Helsinki University Printing House, Helsinki
12652893;Ulm University
12652894;Akademie-Verlag, Berlin
12652895;John Wiley and Sons
12652896;Leeds University
12652897;Pitmann Publishing, London
12652898;John Wiley and Sons, Chichester
12652899;VERIMAG, IRISA, SDL Forum
12652900;Verlag Shaker
12652901;K. G. Saur Verlag
12652902;GMD-Forschungszentrum Informationstechnik GmbH
12652903;www.cinc.org
12652904;Actes 
12652905;INSTICC PRESS
12652906;Bogaziçi University Printhouse
12652907;Enformatika, Çanakkale, Turkey
12652908;Special Interest Group on Discourse and Dialogue (SIGdial)
12652909;ACM / USENIX Association
12652910;ACM / USENIX
12652911;Department of Computer Science and Engineering, Mälardalen University, Box 883, 721 23 Västerås, Sweden
12652912;Dept. of Computer Science, KAIST, P.O. Box 150, ChongRyang, Seoul, 131-650, Korea
12652913;Springer/BCS
12652914;Presses de l'université des Antilles et de la Guyane
12652915;Cepadues
12652916;Institut National Polytechnique de Lorraine
12652917;Université de Nantes
12652918;Presse des Mines
12652919;European Association for Machine Translation
12652920;Baltic Journal of Modern Computing
12652921;Mediterranean Press (via S. Pellico, 13 - Tel. 0984-465645 - 87030 Rende (CS))
12652922;Edizioni Seneca
12652923;Rubettino Editore
12652924;STAR - Servizio Tecnografico Area Ricerca CNR, Pisa
12652925;Edizioni Libreria Progetto, Padova, Italy
12652926;Editrice Esculapio Progetto Leonardo, via U. Terracini, 30, 40131 Bologna
12652927;Matematicamente.it
12652928;Esculapio Editore
12652929;LMU Munich
12652930;USENIX 
12652931;Aarhus University Press / ACM
12652932;The AAAI Press
12652933;Facultad de Ciencias e Ingeniería and Departamento de Ingeniería, Pontificia Universidad Católica del Perú
12652934;Editorial Universidad Nacional de Jujuy, San Salvador de Jujuy, Argentina
12652935;Área de Ingeniería de Software VLIR-ESPOL Componente 8, Facultad de Ingeniería Eléctrica y Computación, Escuela Superior Politécnica del Litoral
12652936;Georg Olms Verlag
12652937;Gesellschaft für linguistische Datenverarbeitung
12652938;Deutscher Universitäts Verlag
12652939;GSCL e.V.
12652940;ISSA, Pretoria, South Africa
12652941;ONMIPRESS, San Mateo, California
12652942;ATALA et AFCP
12652943;ATALA
12652944;ATALA/AFCP
12652945;AFCP - ATALA
12652946;Association pour le Traitement Automatique des Langues
12652947;IRISA-CNRS
12652948;The Eurographics Association
12652949;Institute of Cybernetics at Tallin Technical University
12652950;Koninklijke Vlaamse Academie van Belie voor Wetenschappen en Kunsten
12652951;Mouton de Gruyter
12652952;Universitätsbibliothek Hildesheim
12652953;Österreichische Akademie der Wissenschaften
12652954;ÖGAI, Wien, Österreich
12652955;universaar, Universitätsverlag des Saarlandes / Saarland University Press / Presses universitaires de la Sarre
12652956;Verlag der Technischen Universität Graz
12652957;Athens University of Economics and Business / AISeL
12652958;University of Nicosia / AISeL
12652959;EEE Computer Society
12652960;Association for Computational Lingustics
12652961;ACTA Press
12652962;International Computational Intelligence Society
12652963;AFIPS Press
12652964;AFIPS / ACM / Thomson Book Company, Washington D.C.
12652965;AFIPS
12652966;AFIPS Press/ACM
12652967;Thomson Book Company, Washington D.C.
12652968;AFIPS / ACM
12652969;AFIPS / ACM / Spartan Books, Washington D.C.
12652970;AFIPS / Spartan Books / ACM
12652971;University of Maribor Press / Association for Information Systems
12652972;ECSI
12652973;ECSI, Electronic Chips & Systems design Initiative
12652974;IEEE Computer Society/ACM
12652975;Canadian Human-Computer Communications Society
12652976;Canadian Human-Computer Communications Society / ACM
12652977;Canadian Information Processing Society / ACM
12652978;ACM / Canadian Human-Computer Communications Society
12652979;Atelier Irisa, IRISA, Campus de Beaulieu
12652980;Academic Publishers/World Publishing Corporation
12652981;International Council for Computer Communication / Elsevier
12652982;International Council for Computer Communication
12652983;INRIA, Rocquencourt, France
12652984;Dublin City University and the Association for Computational Linguistics
12652985;Teubner, Stuttgart, Leipzig
12652986;University of Toronto Press
12652987;Universitat Politecnica de Catalunya (UPC)
12652988;IEEE Comptuer Society
12652989;LEA Press, Athens, Hellas
12652990;Learning Systems Lab, AASS, Örebro University
12652991;KoREMA
12652992;Universidad Carlos III de Madrid
12652993;Monsenstein und Vannerdat
12652994;Fraunhofer-ALB
12652995;Allied Publishers Private Limited
12652996;Lit Verlag
12652997;Verlag für Ausbildung und Studium, VAS in der Elefanten Press
12652998;agenda Verlag
12652999;FIFF
12653000;University of Siegen, Germany / AISeL
12653001;Universitaetsverlag Karlsruhe
12653002;Physica Verlag / Springer
12653003;GITO Verlag
12653004;King's College Publications
12653005;Coventry University
12653006;Pitman Publishing
12653007;Aka GmbH
12653008;DNB
12653009;The *SEM 2014 Organizing Committee
12653010;The *SEM 2015 Organizing Committee
12653011;The *SEM 2016 Organizing Committee
12653012;Humbold-Universität Berlin
12653013;DFKI
12653014;Fakultät für Informatik, Otto-von-Guericke-Universität Magdeburg
12653015;Martin-Luther-University Halle-Wittenberg
12653016;FG Telekooperation/FG Knowledge Engineering, Technische Universität Darmstadt, Germany
12653017;Department of Computer Science, University of Würzburg, Germany
12653018;Universitätsbibliothek Bamberg
12653019;University of Hildesheim, Institute of Computer Science
12653020;IEEE Computer Society and ACM
12653021;IEEE Professional Communication Socity
12653022;ICSC Academic Press, Rochester, NY, USA
12653023;ACIS
12653024;Elsevier/North Holland
12653025;ELSAA
12653026;Roskilde University, Roskilde, Denmark
12653027;IEEE Computer Soceity
12653028;INFOREC Publishing House Bucharest
12653029;Brazilian Computing Society
12653030;GI-Arbeitskreis Geschäftsprozessmanagement mit Ereignisgesteuerten Prozessketten
12653031;Technische Universität Dresden
12653032;Elsevier North-Holland
12653033;Computer Vision Foundation / IEEE
12653034;Computer Vision Foundation / IEEE Computer Society
12653035;Eurographics
12653036;nethood.org / National and Kapodistrian University of Athens
12653037;Coling 2008 Organizing Committee
12653038;The COLING 2012 Organizing Committee
12653039;Indian Institute of Technology Bombay
12653040;Chinese Information Processing Society of China
12653041;John von Neumann Society for Computing Sciences, Budapest
12653042;ACADEMIA, Publishing House of the Czechoslovak Academy of Sciences
12653043;Demonstrations Volume
12653044;Institut für angewandte Kommunikations- und Sprachforschung e.V. (IKS), Poppelsdorfer Allee 47, Bonn, Germany
12653045;IASSIST
12653046;A Bradford Book, MIT Press. Cambridge, Massachusetts.
12653047;ACM SIGCOMM
12653048;Australian Computer Society / ACM
12653049;University Siegen, Germany
12653050;Rinton Press
12653051;Korea Institute of Information Security and Cryptology (KIISC)
12653052;VDE-Verlag / IEEE
12653053;AFIA
12653054;Universität und DFKI Kaiserslautern
12653055;ingenta
12653056;Digital Government Research Center
12653057;Université de Lille 1
12653058;Carleton University, Ottawa, Canada
12653059;University of Waterloo
12653060;Queen's University, Ontario, Canada
12653061;University of Saskatchewan
12653062;Simon Fraser University, Vancouver, British Columbia, Canada
12653063;OpenProceedings.org
12653064;Pitagora Editrice Bologna
12653065;Seneca Edizioni Torino
12653066;Information Processing Society of Japan (IPSJ)
12653067;Suger, Saint-Denis, rue Catulienne, France
12653068;Imperial College London
12653069;ETH Zürich
12653070;Universität Düsseldorf
12653071;Institute of Computer Science, Martin-Luther-University
12653072;Universität Konstanz
12653073;Universität Rostock
12653074;School of Information Technology, International University in Germany
12653075;Universität Magdeburg
12653076;Christian-Albrechts-Universität Kiel
12653077;Universität Magedeburg
12653078;Universität Dortmund
12653079;TU Braunschweig
12653080;Fachbereich Informatik, Universität Rostock
12653081;Friedrich-Schiller-Universität Jena
12653082;IEEE Press / ACM Digital Library
12653083;Imperial College Press, London
12653084;University of Aizu Press / ACM
12653085;Scientia Publishing House
12653086;Assocation for Computational Linguistics
12653087;Carnegy Mellon University / ACL
12653088;Universidad Politécnica de Valicia, Departamento de Sistemas Informáticos y Computatión
12653089;Thomson Editorial
12653090;Universidad de Valladolid, Departamento de Informática
12653091;Universidade da Coruña, Facultade de Informática
12653092;Grupo de Paralelismo, Departamento de Informática, Escuela Politécnia, Universidad de Extremadura
12653093;IBERGARCETA Pub. S.L.
12653094;IDEA Group Publishing
12653095;Universiteit Utrecht Press
12653096;Association for Machine Translation in the Americas
12653097;Wiley Heyden Ltd.
12653098;Heyden & Son
12653099;Akademie Verlag, Berlin
12653100;ScholarSpace
12653101;ScholarSpace / AIS Electronic Library (AISeL)
12653102;Springer India
12653103;Konstanz UVK-Verl.-Ges.
12653104;Otto-von-Guericke Universität Magdeburg
12653105;Information Today
12653106;Verein Deutscher Ingenieure, VDI Verlag GmbH
12653107;University of Regina, Regina, SK, Canada
12653108;German Research Center for Biotechnology
12653109;IEEE Systems, Man, and Cybernetics Society
12653110;ETH Zürich, Departement Informatik, Institut für Informationssysteme
12653111;Linköping Electronic Conference Proceedings
12653112;Computer Science Department III, University of Bonn
12653113;Gesellschaft für Informatik e.V. / FG KRYPTO
12653114;Audio Engineering Society
12653115;The MITRE Corporation
12653116;CNRS - Programme société de l'information
12653117;ACM/Springer
12653118;University of Otago, Dunedin, New Zealand
12653119;Cambridge University Press, on behalf of the British Computer Society (copyright by British Informatics Society Ltd, a subsidiary of the British Computer Society)
12653120;Butterworths
12653121;Omnipress
12653122;Tribun EU
12653123;Firenze University Press / ISCA
12653124;OHMSHA Ltd. Tokyo and North-Holland
12653125;OHMSHA Ltd. Tokyo and Springer-Verlag
12653126;American Institue of Physics
12653127;ACM/MIT
12653128;Kluwer/springer
12653129;Copicentro Editorial
12653130;XML-Clearinghouse
12653131;Springer London
12653132;World Scientific Press
12653133;Ruder Boskovic Institute, Zagreb, Croatia
12653134;Sigma Press, Wilmslow
12653135;Pitman and Morgan Kaufman Publishers
12653136;Plemum Press, New York
12653137;Angkor, 6, rue Maître-Albert, 75005 Paris, France
12653138;IWoR@ACM
12653139;Otto-von-Guericke-Universität Magdeburg
12653140;National Institute of Informatics (NII)
12653141;National Center for Science Information Systems (NACSIS)
12653142;Slovak University of Technology, Bratislava
12653143;Institute of Informatics, Faculty of Electrical Engineering and Computer Science, Smetanova 17, IS-2000 Maribor, Slovenia
12653144;Tampere University of Technology. Pori. Publication
12653145;Matfyz Press, Vydavatelstvi, Matematicko-Fyzikalni Fakulty, Unverzity Karlovy
12653146;Nevsky Dialect
12653147;Moscow Egineering Physical Institute (Technical University)
12653148;Werner Hülsbusch
12653149;FMCAD Inc.
12653150;King's College, London
12653151;Logica Ltd., Cambridge, UK
12653152;ADERIAS-LIA, Universite de Savoie
12653153;Universidad Politécnica de Madrid
12653154;Katholieke Universiteit Leuven, Belgium
12653155;BRICS, Department of Computer Science, University of Aarhus
12653156;Academic Press / ACM
12653157;Centrum för datorlingvistik, Uppsala University, Sweden
12653158;Northern European Association for Language Technology (NEALT) / Tartu University Library (Estonia) / ACL
12653159;Center for Sprogteknologi, University of Copenhagen, Denmark
12653160;Norwegian Computing Centre for the Humanities, Norway
12653161;Språkdata, University of Gothenburg, Sweden
12653162;EDB-tjensten for humanistiske fag, University of Trondheim, Norway
12653163;University of Tartu, Estonia
12653164;Department of Linguistics, Uppsala University, Sweden
12653165;Linköping University Electronic Press / Association for Computational Linguistics
12653166;Institut for Anvendt og Matematisk Lingvistik, University of Copenhagen, Denmark
12653167;Northern European Association for Language Technology (NEALT)
12653168;Department of Linguistics, Norwegian University of Science and Technology, Norway
12653169;Institut for Datalingvistik, Handelshøjskolen i København, Denmark
12653170;Linköping University Electronic Press, Sweden
12653171;University of Joensuu, Finland
12653172;Department of Linguistics, Computational Linguistics, Stockholm University, Sweden
12653173;Department of General Linguistics, University of Helsinki, Finland
12653174;Institute of Lexicography, Institute of Linguistics, University of Iceland, Iceland
12653175;Pro Business GmbH
12653176;Open Channel Publishing Ltd.
12653177;University of Kuopio, Department of Computer Science
12653178;GI / IEEE
12653179;European Council for Modeling and Simulation
12653180;IEEE Computer Society / ACM Press
12653181;IEEE Copmuter Society
12653182;ISPE
12653183;A. A. Balkema Publishers
12653184;Pennsylvania State University Press
12653185;INPE
12653186;MCT/INPE
12653187;MCTIC/INPE
12653188;MCTI/INPE
12653189;Universität Duisburg-Essen
12653190;Elsevier/North-Holland
12653191;Agricultural University of Norway
12653192;Department of Surveying, Helsinki University of Technology
12653193;Springer-Verlag Singapore Pte. Ltd.
12653194;Gordon and Breach Science Publishers
12653195;Universidad Polytecnica de Catalunya
12653196;Universitas Ostraviensis
12653197;De Montfort University, Leicester, UK
12653198;University of Applied Sciences at Zittau/Görlitz, Germany
12653199;Universitat de les Illes Balears, Palma de Mallorca, Spain
12653200;University of Melbourne, Department of Computer Science
12653201;College publications
12653202;GI / DFKI
12653203;GI German Informatics Society
12653204;Saint Mary's University, Canada
12653205;Verlag Univ Magdeburg
12653206;Innsbruck Medical University
12653207;Der Andere Verlag, Düsseldorf
12653208;North Holland
12653209;SBC - Brazilian Computer Society
12653210;University of Glasgow
12653211;North-Holland / Eurographics Association
12653212;Eurographics Association / ACM
12653213;VDE Verlag / IEEE
12653214;VDE Berlag / IEEE
12653215;IEEE Computer Society / ICST
12653216;Springer / ICST
12653217;TUDpress, Dresden
12653218;McGill University
12653219;Hüthig Verlag
12653220;Digital Enhancement of Cognitive Development, Waseda University
12653221;Chinese and Oriental Languages Information Processing Society
12653222;The Korean Society for Language and Information / ACL
12653223;The National University (Phillippines)
12653224;City University of Hong Kong Press
12653225;De La Salle University (DLSU), Manila, Philippines
12653226;The PACLIC 28 Organizing Committee and PACLIC Steering Committee / ACL / Department of Linguistics, Faculty of Arts, Chulalongkorn University
12653227;PACLIC 14 Organizing Committee
12653228;National Chengchi University, Taiwan
12653229;COLIPS PUBLICATIONS
12653230;Kyung Hee University
12653231;The Korean Society for Language and Information
12653232;PACLIC 26 Organizing Committee and PACLIC Steering Committee / ACL / Faculty of Computer Science, Universitas Indonesia
12653233;National Cheng Kung University, Taiwan, R.O.C.
12653234;Institute for Digital Enhancement of Cognitive Development, Waseda University
12653235;Vaclav Skala - Union Agency
12653236;The University of Auckland
12653237;Plenum Press, New York
12653238;U. C. Santa Barbara, Dept. of Elec. and Computer Eng., ECE Report No 82-04
12653239;Simon Fraser University
12653240;Institute for Research in Cognitive Science
12653241;Internationales Begegnungs- und Forschungszentrum für Informatik (IBFI)
12653242;Linguistic Department, Yale University
12653243;Editions du Tricorne, Geneva
12653244;Masaryk University Brno
12653245;Shaker Verlag, Aachen
12653246;University of Copenhagen
12653247;Springer Switzerland, Cham
12653248;BIS-Verlag
12653249;Metropolis, Marburg
12653250;Technical University of Catalonia, Barcelona
12653251;Plemum Press
12653252;mlsys.org
12653253;Zenodo
12653254;TUM Library
12653255;Chapman Hall
12653256;Lancaster University
12653257;Lero Int. Science Centre, University of Limerick, Ireland
12653258;Kindai Kagaku Sha Co. Ltd., Tokyo, Japan
12653259;IET - The Institute of Engineering and Technology / IEEE Xplore
12653260;Institute of Computer Science AS CR, Prague
12653261;Safarik University, Kosice, Slovakia
12653262;ICSC Academic Press, International Computer Science Conventions, Canada / Switzerland
12653263;Trauner
12653264;Institute of Cybernetics
12653265;University of Warsaw
12653266;Laboratoire d'Informatique Fondamentale de Marseille
12653267;Masaryk University
12653268;Physica-Verlag / Springer
12653269;QMUL
12653270;DVA
12653271;Department of Computer Science, University of Manchester
12653272;Dicolor Press
12653273;CSIRO Publishing
12653274;Institut f. Wissenschaftliches Rechnen Eidgenoessische Technische Hochschule Zürich
12653275;EUROSTAT
12653276;Lawrence Berkeley Laboratory
12653277;Czech Technical University in Prague
12653278;Research Studies Press/Wiley
12653279;icml.cc / Omnipress
12653280;US Education Service
12653281;William Kaufmann
12653282;Professional Book Center
12653283;IJCAI/AAAI
12653284;ijcai.org
12653285;IJCAI/AAAI Press
12653286;Metropolis
12653287;LOT Utrecht
12653288;Grafisch Centrum Amsterdam
12653289;Rodopi
12653290;University of Antwerp
12653291;UILOTS Utrecht
12653292;PUC-Rio
12653293;The Association for Machine Translation in the Americas
12653294;MDPI
12653295;IEEE Computer Society Press / ACM
12653296;European Computer-Industry Research Centre, Munich
12653297;Society for Artificial Intelligence and Statistics
12653298;Society for the Advancement of the Science of Digital Games
12653299;Graz University of Technology
12653300;Hamburg University of Technology
12653301;Vienna University of Technology
12653302;Centre for Telematics and Information Technology (CTIT), University of Twente, The Netherlands
12653303;The European Language Resources Association (ELRA)
12653304;BMVA Press
12653305;British Machine Vision Association
12653306;Alvey Vision Club
12653307;Matfyzpress
12653308;IS&T/SPIE
12653309;IFAAMAS
12653310;International Foundation for Autonomous Agents and Multiagent Systems
12653311;IFAAMAS/ACM
12653312;International Foundation for Autonomous Agents and Multiagent Systems Richland, SC, USA / ACM
12653313;International Foundation for Autonomous Agents and Multiagent Systems (IFAAMAS)
12653314;North-Holland/Elsevier Science Publishers
12653315;UVK - Universitaetsverlag Konstanz
12653316;Arizona State University
12653317;University of Passau
12653318;University of Dortmund
12653319;Universitäsbibliothek Essen
12653320;Johannes Kepler University Linz
12653321;Stanford University Library
12653322;Alliance of Digital Humanities Organizations (ADHO)
12653323;Red de Humanidades Digitales A. C.
12653324;Hamburg University Press
12653325;Office for Humanities Communication and Centre for Computing in the Humanities
12653326;Department of Geography, University of Zurich
12653327;ICEIS Secretariat, Escola Superior de Tecnologia de Setúbal, Portugal
12653328;IBM
12653329;IBM / ACM
12653330;University of Waikato
12653331;IOA Press
12653332;North Holland & IFIP
12653333;VLDB Endowment
12653334;Workshop on Asian Translation
12653335;Morgan Kaufmann Publishers / ACL
12653336;CNRS, Toulose, France
12653337;Morgan Kaufmann Publishers
12653338;Dt. Univ.-Verlag
12653339;VDM Verlag Dr. Müller, Saarbrücken, Germany
12653340;Excelsior
12653341;Wiss. Fachverl. Fleck
12653342;Hartung-Gorre
12653343;Fachrichtung Vermessungswesen der Univ.
12653344;Haag und Herchen
12653345;Enke
12653346;Infinite Science Publishing
12653347;FIZ Karlsruhe
12653348;Krehl
12653349;SFPS, Wiss. Fachverl.
12653350;Duncker und Humblot
12653351;Jost-Jetter
12653352;Verlag der Augustinus-Buchhandlung
12653353;Dr. Hut
12653354;IEM
12653355;Nomos-Verlag-Ges.
12653356;Schott
12653357;transcript
12653358;Köster
12653359;Vulkan-Verlag
12653360;Fachmedien Recht und Wirtschaft, dfv Mediengruppe
12653361;Centaurus-Verlag-Ges.
12653362;Fachrichtung Geodäsie und Geoinformatik der Leibniz-Univ.
12653363;Kamloth
12653364;Institut für Kunststofftechnik
12653365;Lit
12653366;Apprimus-Verlag
12653367;Eul
12653368;Juris-Dr. und Verlag
12653369;GRIN Verlag
12653370;Fraunhofer-Verlag
12653371;ADAG
12653372;Verlag der Fachvereine
12653373;Niemeyer
12653374;Roderer
12653375;Hain
12653376;Schuch
12653377;Verein zur Förderung der Ökosystemforschung zu Kiel
12653378;Sierke
12653379;Wiss.-Verlag Mainz
12653380;Ladewig
12653381;Nomos-Verlagsgesellschaft
12653382;Marchal-und-Matzenbacher-Wissenschaftsverlag
12653383;Univ.-Verlag der TU
12653384;Cuvillier Verlag
12653385;Brandes & Apsel
12653386;Duncker & Humblot
12653387;KIT Scientific Publ.
12653388;DUV, Dt. Univ.-Verlag
12653389;Dt. Anwaltverl.
12653390;Papierflieger
12653391;Hochsch.-Verlag
12653392;Unitext-Verlag
12653393;Fraunhofer-IRB-Verlag
12653394;Kassel University Press
12653395;Zentralstelle der Studentenschaft
12653396;Wison-Verlag
12653397;Pabst Science Publ.
12653398;TU Ilmenau
12653399;GEOBUCH-Verlag
12653400;Schellenberg
12653401;BI-Wiss.-Verlag
12653402;Hartung-Gorre Verlag
12653403;TEWISS - Technik und Wissen GmbH
12653404;Huss
12653405;OlWIR Verlag für Wirtschaft, Informatik und Recht
12653406;Hieronymus
12653407;Schulthess, Polygraph. Verlag
12653408;Fölbach
12653409;Rüegger
12653410;Projecta-Verlag
12653411;Duncker u. Humblot
12653412;expert-Verlag
12653413;Springer VS
12653414;Verlag Dr. Kovač
12653415;Franzbecker
12653416;Verlag Praxiswissen
12653417;epubli
12653418;Tectum-Verlag
12653419;Gito
12653420;Augustinus-Buchh.
12653421;Inst. für Verkehr, Eisenbahnwesen und Verkehrssicherung
12653422;meson press
12653423;Apprimus Verlag
12653424;Akademische Verlagsgesellschaft AKA
12653425;VWF
12653426;Olms
12653427;Papierflieger-Verlag
12653428;Peter Lang GmbH, Internationaler Verlag der Wissenschaften
12653429;Verlag Kommunikationsforum Recht, Wirtschaft, Steuern
12653430;Czwalina
12653431;Logos Verlag Berlin
12653432;Disserta-Verlag
12653433;Haupt
12653434;ILL
12653435;Florentz
12653436;J. B. Metzler
12653437;VDI Verlag GmbH
12653438;Wissenschaftsverlag Mainz
12653439;Logos Verlag Berlin GmbH
12653440;Parey
12653441;WiKu-Wiss.-Verlag Stein
12653442;Görich und Weiershäuser
12653443;Dt. Studien-Verlag
12653444;readbox unipress in der readbox publishing GmbH
12653445;Schweitzer
12653446;Fernuniv., Fachbereich Informatik
12653447;Wißner
12653448;Ruhr-Univ., Lehrstuhl für Maschinenelemente u. Fördertechnik
12653449;M und P, Verlag für Wiss. und Forschung
12653450;Kirschbaum
12653451;Wehle
12653452;GBI-Verlag
12653453;Klartext-Verlag
12653454;Erich Schmidt
12653455;Westdt. Univ.-Verl.
12653456;GSF-Forschungszentrum für Umwelt und Gesundheit
12653457;VVF
12653458;Verlag für Psychologie Hogrefe
12653459;Minerva-Publikation Saur
12653460;Schulthess, Polygraphischer Verlag
12653461;S und W, Steuer- und Wirtschaftsverlag
12653462;Vahlen
12653463;de Gruyter Mouton
12653464;R. G. Fischer
12653465;wvb, Wiss. Verlag Berlin
12653466;VWF, Verlag für Wiss. und Forschung
12653467;OlWIR, Oldenburger Verlag für Wirtschaft, Informatik und Recht
12653468;Wiss. Fachverl.
12653469;Kassel Univ. Press
12653470;Kovać
12653471;IMMD
12653472;Vandenhoeck und Ruprecht
12653473;Technischer Verlag Grossmann
12653474;Kieler Wissenschaftsverlag Vauk
12653475;Wiss.-Verlag Spiess
12653476;IDW-Verlag
12653477;Mensch-und-Buch-Verlag
12653478;Universitäts-Verlag
12653479;WVT, Wiss. Verlag Trier
12653480;Vogt
12653481;Brockmeyer
12653482;Heizmann
12653483;Verlag PCO
12653484;Poeschel
12653485;MBSE4U
12653486;Nomos Verlagsgesellschaft mbH & Co. KG
12653487;BoD - Books on Demand
12653488;VDI Verlag
12653489;Verlagshaus Monsenstein und Vannerdat OHG
12653490;Papierflieger Verlag GmbH
12653491;Hochschule Darmstadt
12653492;IDEA
12653493;Verlag Neue Wiss.
12653494;Academia-Verlag
12653495;Diplomica GmbH
12653496;Herbert von Halem Verlag
12653497;Dt. Verkehrs-Verlag
12653498;O. Schmidt
12653499;FAL
12653500;Meisenbach
12653501;Wiss.-und-Technik-Verlag
12653502;Bertz
12653503;Diaphanes
12653504;Pro Business
12653505;Bühlmann
12653506;Service-Fachverlag
12653507;Windmühle, Verlag und Vertrieb von Medien
12653508;epOs Music
12653509;utzverlag
12653510;Akademie-Verlag
12653511;Open-Access-Hochschulverlag
12653512;Akad. Verlag
12653513;Eul Verlag
12653514;VWGÖ
12653515;Verlag Cuvillier
12653516;Stämpfli
12653517;RSL
12653518;Vice-Versa-Verlag
12653519;Verkehrsverlag Fischer
12653520;Edition Dr. Stein, WiKu Verlag
12653521;MVK, Medien-Verlag Köhler
12653522;Optimus-Verlag
12653523;Hänsel-Hohenhausen
12653524;WUV-Univ.-Verlag
12653525;Wittemann
12653526;Wisslit-Verlag
12653527;Detert
12653528;Verlag d. Fachvereine
12653529;Kölner Wissenschafts-Verlag
12653530;Österr. Kunst- und Kulturverl.
12653531;Dt. Gemeindeverl.
12653532;Verlagshaus Mainz GmbH Aachen
12653533;Königshausen und Neumann
12653534;Dt. Fachverl.
12653535;compuTEAM
12653536;Bochumer Universitäts-Verlag
12653537;Centaurus-Verlagsgesellschaft
12653538;Blunk
12653539;Winter Industries
12653540;AQ-Verlag
12653541;Buske
12653542;RUS
12653543;Verlag der Bayerischen Akademie der Wissenschaften
12653544;Verlag-Haus Monsenstein und Vannerdat
12653545;Univ.-Verl.
12653546;UVK, Univ.-Verlag Konstanz
12653547;Hampp
12653548;LINCOM Europa
12653549;C. Raltchev
12653550;Frank & Timme, Verlag für wissenschaftliche Literatur
12653551;GKSS-Forschungszentrum
12653552;Wiss. Verlag Berlin
12653553;ZIB
12653554;Verlag für Systemische Forschung im Carl-Auer-Systeme-Verlag
12653555;Wissner
12653556;Haag u. Herchen
12653557;Leske und Budrich
12653558;HNI
12653559;M und P, Verlag für Wissenschaft und Forschung
12653560;utzverlag GmbH
12653561;Deutscher Universitäts-Verlag
12653562;Akademische Verlagsgesellschaft AKA GmbH
12653563;Müller
12653564;Martienss
12653565;IPK
12653566;Westdt. Verlag
12653567;Oldenburg
12653568;disserta Verlag
12653569;IMK
12653570;Intemann
12653571;Resch
12653572;Carl Heymanns Verlag
12653573;Marchal und Matzenbacher
12653574;Trauner Verlag
12653575;Heymann
12653576;Grauer
12653577;University of Bamberg Press
12653578;Wiss. Berichtswesen d. DFVLR
12653579;Verlag Wiss. und Praxis
12653580;Elwert
12653581;Galda und Wilch
12653582;Iir
12653583;Pro BUSINESS
12653584;Diss.-Verlag NG-Kopierladen
12653585;BWV, Berliner Wiss.-Verlag
12653586;Profil
12653587;Verlag Die Blaue Eule
12653588;Reimer
12653589;wvb, Wissenschaftlicher Verlag Berlin
12653590;W3L
12653591;Geographisches Inst.
12653592;Hempen
12653593;Wiss.-Verl. Mainz
12653594;Chronos
12653595;Kohler
12653596;Libri Books on Demand
12653597;P und H
12653598;Minerva-Publ.
12653599;Becker und Schulz
12653600;BTU Cottbus - Senftenberg
12653601;Schulz-Kirchner
12653602;Verlag Alma Mater
12653603;VWF, Verlag für Wissenschaft und Forschung
12653604;Tenea
12653605;SecuMedia-Verlag
12653606;FWI-Verlag
12653607;LIT
12653608;Verlag der Augustinus-Buchh.
12653609;Fachverlag für Büro- u. Organisationstechnik
12653610;ETH Zurich, Zürich, Verlag der Fachvereine, Switzerland
12653611;Schulthess
12653612;Fakultät Medien / Professur Medieninformatik
12653613;Univ.-Verl. Konstanz
12653614;Lehrstuhl für Verkehrstechnik, Techn. Univ. München
12653615;Hülsbusch
12653616;Dt. Wiss.-Verl.
12653617;Geodätisches Inst. der Univ.
12653618;Kovac, J
12653619;PZH Verlag
12653620;Verlag Thexis
12653621;Hoppenstedt und Wolff
12653622;[CreateSpace]
12653623;Service-Fachverl.
12653624;epubli GmbH
12653625;Max-Planck-Inst. für Meteorologie
12653626;WiKu-Wissenschafts-Verlag Stein
12653627;Wallstein Verlag
12653628;WiRe-Verlag-Ges. für Wirtschaft, Recht und Steuern
12653629;Robert Meyer
12653630;Verl. Dr. Hut
12653631;Athenäum
12653632;Studienverl. Brockmeyer
12653633;Sport und Buch Strauss, Ed. Sport
12653634;Würfel-Verlag
12653635;Verlag tcworld GmbH
12653636;Jacobs
12653637;Inst. für Werkzeugmaschinen und Betriebstechnik
12653638;Ulmer
12653639;Wochenschau-Verlag
12653640;Föhlbach
12653641;Berliner Zentrum für Mechatronische Medizintechnik
12653642;ZKW
12653643;IdW-Verlag
12653644;DDD
12653645;Kernforschungszentrum
12653646;Papierflieger Verlag
12653647;Pabst Science Publishers
12653648;Müller Botermann
12653649;Eusl
12653650;Verlag Werner Hülsbusch, Fachverlag für Medientechnik und -wirtschaft
12653651;Meisenbach GmbH Verlag
12653652;IPN
12653653;Pfeffer
12653654;Verlag-Anst. Handwerk
12653655;IWR
12653656;FZKA
12653657;Holos-Verlag
12653658;Montania-Dr.- und Verlag-Ges.
12653659;ifv, Kalsruhe, Germany
12653660;eurotrans-Verlag
12653661;trafo
12653662;Klinkenberg
12653663;Frankfurt School Verlag
12653664;Österr. Computer-Ges.
12653665;Mannhold
12653666;JR-Verlag
12653667;Verlag für Wiss. und Forschung
12653668;Ernst
12653669;Nomos-Verlag-Gesellschaft
12653670;Fml
12653671;readbox unipress
12653672;Kirsch
12653673;Forschungszentrum Jülich GmbH
12653674;Vandenhoeck u. Ruprecht
12653675;Verlag an d. Lottbek
12653676;DLG-Verlag
12653677;sierke Verlag
12653678;Pabst
12653679;SFB 393
12653680;Kriminalistik-Verlag
12653681;Universitäts-Verlag Rhein-Ruhr
12653682;WVB
12653683;IKE
12653684;Epubli
12653685;Ars Una
12653686;VDM Verlag Dr. Müller
12653687;Studienverlag Brockmeyer
12653688;Empirische Pädagogik e.V.
12653689;Gütersloher Verlag-Haus Mohn
12653690;GMD-Forschungszentrum Informationstechnik
12653691;Hogrefe, Verlag für Psychologie
12653692;Ed. Sigma
12653693;TEWISS Verlag
12653694;Botermann und Botermann
12653695;Univ.
12653696;VDE Verlag GmbH
12653697;Wilfer
12653698;DESY
12653699;wvb, Wiss. Verlag
12653700;VDI-Verl.
12653701;IWBS
12653702;Steiner
12653703;Psychologie-Verlag-Union
12653704;Datakontext-Fachverlag
12653705;Forkel-Verlag
12653706;Verlagsgruppe Athenäum, Hain, Hanstein
12653707;mbv, Mensch und Buch Verlag
12653708;von Halem
12653709;Stahleisen
12653710;Peter Lang Edition
12653711;Verlag für Wiss. u. Kunst
12653712;ARGESIM-ASIM-Verlag
12653713;Helbing et Lichtenhahn
12653714;Wiss. Verlag Trier
12653715;Forschungszentrum Jülich
12653716;IRB-Verlag
12653717;Haufe
12653718;Leuchtturm-Verlag
12653719;VTB
12653720;Prinz Publications
12653721;Transparent-Verlag
12653722;Spektrum, Akad. Verlag
12653723;Verlag an d. Lottbek Jensen
12653724;Akademischer Verlag Heinz
12653725;Zaininger
12653726;CIS
12653727;Hochschule Fulda
12653728;Müller, Jur. Verlag
12653729;WVT, Wiss. Verlag
12653730;Aschendorff
12653731;Schweikert
12653732;Huber
12653733;Asgard-Verlag Hippe
12653734;ZADI
12653735;DSV-Media-Verlag
12653736;PL Acad. Research
12653737;Knapp
12653738;Wiss. Berichtswesen der DLR
12653739;sierke VERLAG
12653740;M. Herzog
12653741;Mohr Siebeck
12653742;Greven
12653743;Knirsch
12653744;tredition
12653745;GRIN Publishing
12653746;mbv
12653747;Budrich
12653748;Eul, Germany
12653749;Jülich Forschungszentrum
12653750;Forschungszentrum Jülich, Zentralbibliothek
12653751;DIE-Verlag Schäfer
12653752;Kühner
12653753;Tectum Verlag
12653754;TU Braunschweig - Niedersächsisches Forschungszentrum für Luftfahrt
12653755;Schück
12653756;Sebastian P. Kleinschmidt
12653757;Ferber
12653758;Winter
12653759;Donat
12653760;Modell-Verlag
12653761;BoD
12653762;IER
12653763;MAP Modern Academic Publishing
12653764;HNI-Verlagsschriftenreihe
12653765;Verlagsgruppe Athenäum, Hain, Scriptor, Hanstein
12653766;Professur Systeme der Virtuellen Realität
12653767;Brill mentis
12653768;EUL Verlag
12653769;VDI-Verlag GmbH
12653770;Berlin-Verlag Spitz
12653771;Fachbereich Informatik der Univ.
12653772;Utz, Wiss.
12653773;Kleine
12653774;Wiss.-Verlag Vauk
12653775;WVB, Wiss. Verlag
12653776;PSZ-Verlag
12653777;wvb
12653778;Internationalismus-Verlag
12653779;Verlag für Geschichte der Naturwissenschaft und der Technik
12653780;Regensberg
12653781;vdf, Hochsch.-Verlag an der ETH
12653782;Geodät. Inst.
12653783;Strothe
12653784;Inst. für Fördertechnik und Logistiksysteme
12653785;tuduv-Verlagsgesellschaft
12653786;Schmidt-Römhild
12653787;Wirtschaftsverl. NW, Verlag für Neue Wiss.
12653788;Logos Berlin
12653789;Skaker
12653790;wbg Academic
12653791;Verlag an der Lottbek Jensen
12653792;sierke
12653793;Campus Verlag
12653794;universaar, Universitäts-Verlag des Saarlandes
12653795;Fakultät Medien / Professur Mediensicherheit
12653796;Verlags-Haus Mainz
12653797;Utz, Wiss.-Verlag
12653798;Gieseking
12653799;Deutsches Elektronen-Synchrotron DESY
12653800;Quorum
12653801;Epsilon-Verlag
12653802;S u. W, Steuer- u. Wirtschaftsverl.
12653803;Schwäbische Verlag-Gesellschaft
12653804;OIWIR, Oldenburger Verlag für Wirtschaft, Informatik und Recht
12653805;AV-Verlag
12653806;FGM-Verlag
12653807;Deimling
12653808;V&R unipress
12653809;Fischer-Löw
12653810;Physikalisches Inst.
12653811;Verlag Industrielle Organisation
12653812;Herbert Utz Verlag, Wissenschaft
12653813;Bundesministerium der Verteidigung, P II 4
12653814;Wiss. Buchh. Hector
12653815;Dup
12653816;Helbing u. Lichtenhahn
12653817;Hochschule Mannheim
12653818;vdf, Verlag der Fachvereine
12653819;"OlWIR, Oldenburger Verlag fuuml;r Wirtschaft, Informatik und Recht"
12653820;Wiss.-und-Technik-Verlag Gross
12653821;Stauffenburg-Verlag
12653822;Weidler Buchverlag
12653823;Universitätsbibliothek Kiel, Germany
12653824;epodium
12653825;Prinz Publishing
12653826;Holos
12653827;Ergon Verlag
12653828;UVK-Verlag-Gesellschaft
12653829;Mediscript-Verlag
12653830;Fachbereich Geowiss., FU
12653831;Misslbeck
12653832;WiKu-Verlag
12653833;Verlag Wissenschaft & Praxis
12653834;mbv, Mensch-und-Buch-Verlag
12653835;AFRA-Verlag
12653836;tcworld GmbH
12653837;meson press eG
12653838;Beltz
12653839;Helbing und Lichtenhahn
12653840;Böhlau
12653841;Mensch und Buch Verlag
12653842;Verlag Statistische Hefte
12653843;esprint-Verlag
12653844;Linde
12653845;Böhlau Verlag
12653846;Hart
12653847;Toeche-Mittler
12653848;J.B. Metzler
12653849;kopaed
12653850;Dt. Wiss.-Verlag
12653851;GITO
12653852;Inst. für Wasserbau u. Wasserwirtschaft, Rhein.-Westfäl. Techn. Hochsch.
12653853;Techn. Univ., Geodätisches Inst.
12653854;PZH-Verlag
12653855;CW-Publikationen
12653856;Rhombos-Verlag
12653857;Libris Books on Demand
12653858;LINCOM GmbH
12653859;Fakultät Medien / Professur Content Management - Web-Technologien
12653860;Verlag für Angewandte Psychologie
12653861;Vieweg & Teubner
12653862;Krausskopf
12653863;w.e.b.-Univ.-Verlag
12653864;Ergonomia
12653865;Höpner und Göttert
12653866;Inst. für Informatik und Praktische Mathematik
12653867;Buske, Hamburg, Germany
12653868;Schelzky und Jeep
12653869;Schiele und Schön
12653870;dot-Verlag
12653871;Decker und Müller
12653872;Univ.-Verlag
12653873;Hamburger Buchwerkstatt
12653874;Eurotrans-Verlag
12653875;BoD Books on Demand
12653876;Wirtschaftsverl. Bachem
12653877;E. Schmidt
12653878;Universitäts-Verlag Göttingen
12653879;Wiss.-und Technik-Verlag
12653880;Aka
12653881;Hitzeroth
12653882;Dep. of Geography, Univ.
12653883;EMT
12653884;stmv, Toeche-Mittler
12653885;Verlag Barbara Budrich
12653886;Art and communication
12653887;Tübingen Library Publishing
12653888;Express-Edition
12653889;Schwartz
12653890;Witte
12653891;Heidrich
12653892;Deubner
12653893;Univ.-Verlag Konstanz
12653894;Würzburg Univ. Press
12653895;University of Udine, Italy
12653896;Anchor Academic Publishing
12653897;University of Strathclyde, Glasgow, UK
12653898;LBL Technical Report
12653899;École normale supérieure de Cachan, France
12653900;Norderstedt, Germany
12653901;HLRS
12653902;WiKu, Duisburg, Colone, Germany
12653903;Dt. Univ.-Verl., Wiesbaden, Germany
12653904;Verl.-Haus Monsenstein und Vannerdat, Münster, Germany
12653905;VDM Müller, Saarbrücken, Germany
12653906;VDM Verlag, Saarbücken, Germany
12653907;Pro Business, Berlin, Germany
12653908;HBS Fachbuch
12653909;COD-Verlag
12653910;Günther Emig, Niederstetten, Germany
12653911;Vieweg + Teubner, Wiesbaden, Germany
12653912;Universitäts Verlag Karlsruhe, Germany
12653913;CreateSpace Independent Publishing
12653914;PL Academic Research
12653915;Logos-Verlag, Berlin
12653916;VS Verlag für Sozialwissenschaften
12653917;Fink, Germany
12653918;Lohmar, Cologne, Germany
12653919;Pad-Verlag
12653920;VDM Dr. Müller, Saarbrücken, Germany
12653921;Kovac, Hamburg, Germany
12653922;Multicon-Verlag
12653923;Mensch-und-Buch Verlag
12653924;Engelhardt und Bauer
12653925;VS-Verlag, Wiesbaden, Germany
12653926;Sand + Soda Publ.
12653927;URS Ortho
12653928;Rombach
12653929;AVM, Munich, Germany
12653930;Vieweg + Teubner, Germany
12653931;Mentis, Paderborn, Germany
12653932;Hülsbusch, Boizenburg, Germany
12653933;Verlag der QuickPrinter
12653934;Books on Demand, Norderstedt, Germany
12653935;Shaker Media
